/*
Navicat MySQL Data Transfer

Source Server         : localhost_3306
Source Server Version : 80032
Source Host           : localhost:3306
Source Database       : hosptial

Target Server Type    : MYSQL
Target Server Version : 80032
File Encoding         : 65001

Date: 2023-04-26 11:47:45
*/

SET FOREIGN_KEY_CHECKS=0;

-- ----------------------------
-- Table structure for my_dept
-- ----------------------------
DROP TABLE IF EXISTS `my_dept`;
CREATE TABLE `my_dept` (
  `dept_id` int NOT NULL AUTO_INCREMENT COMMENT 'id值',
  `parent_id` int DEFAULT NULL COMMENT '上级部门',
  `ancestors` varchar(50) CHARACTER SET utf8mb3 COLLATE utf8mb3_general_ci DEFAULT NULL COMMENT '祖级列表',
  `dept_name` varchar(255) CHARACTER SET utf8mb3 COLLATE utf8mb3_general_ci DEFAULT NULL COMMENT '名称',
  `sort` int DEFAULT NULL COMMENT '排序',
  `status` bit(1) NOT NULL COMMENT '状态',
  `create_time` datetime DEFAULT NULL COMMENT '创建时间',
  `update_time` datetime DEFAULT NULL COMMENT '更新时间',
  PRIMARY KEY (`dept_id`) USING BTREE
) ENGINE=InnoDB AUTO_INCREMENT=8 DEFAULT CHARSET=utf8mb3 ROW_FORMAT=DYNAMIC;

-- ----------------------------
-- Records of my_dept
-- ----------------------------
INSERT INTO `my_dept` VALUES ('1', '0', '0', '四川省立第一医院', '1', '', '2020-08-19 11:01:09', '2020-09-08 18:21:26');
INSERT INTO `my_dept` VALUES ('2', '1', '0,1', '皮肤科', '1', '', '2020-08-19 11:01:28', '2020-08-19 11:01:30');
INSERT INTO `my_dept` VALUES ('3', '1', '0,1', '内科', '2', '', '2020-08-19 11:01:47', '2020-08-19 11:01:48');
INSERT INTO `my_dept` VALUES ('4', '1', '0,1', '神经科', '3', '', '2020-08-19 11:02:01', '2020-08-19 11:02:04');
INSERT INTO `my_dept` VALUES ('5', '0', '0', '四川省立第一医院', '2', '', '2020-08-19 11:07:36', '2020-08-27 14:18:48');
INSERT INTO `my_dept` VALUES ('6', '5', '0,5', '皮肤科', '1', '', '2020-08-19 11:08:40', '2020-08-21 20:32:40');
INSERT INTO `my_dept` VALUES ('7', '5', '0,5', '儿科', '2', '', '2020-08-19 11:08:56', '2020-09-08 18:03:56');

-- ----------------------------
-- Table structure for my_dict
-- ----------------------------
DROP TABLE IF EXISTS `my_dict`;
CREATE TABLE `my_dict` (
  `dict_id` int NOT NULL AUTO_INCREMENT COMMENT 'id',
  `dict_name` varchar(255) CHARACTER SET utf8mb3 COLLATE utf8mb3_general_ci DEFAULT NULL COMMENT '字典名称',
  `description` varchar(255) CHARACTER SET utf8mb3 COLLATE utf8mb3_general_ci DEFAULT NULL COMMENT '字典描述',
  `sort` int DEFAULT NULL COMMENT '字典排序',
  `create_by` varchar(255) CHARACTER SET utf8mb3 COLLATE utf8mb3_general_ci DEFAULT NULL COMMENT '创建者',
  `update_by` varchar(255) CHARACTER SET utf8mb3 COLLATE utf8mb3_general_ci DEFAULT NULL COMMENT '更新者',
  `create_time` datetime DEFAULT NULL COMMENT '创建时间',
  `update_time` datetime DEFAULT NULL COMMENT '更新时间',
  PRIMARY KEY (`dict_id`) USING BTREE
) ENGINE=InnoDB AUTO_INCREMENT=5 DEFAULT CHARSET=utf8mb3 ROW_FORMAT=DYNAMIC;

-- ----------------------------
-- Records of my_dict
-- ----------------------------
INSERT INTO `my_dict` VALUES ('1', '性别', '性别字典', '1', 'admin', 'admin', '2020-11-07 15:06:18', '2020-11-07 15:06:20');
INSERT INTO `my_dict` VALUES ('4', '审批状态', '审批状态', '1', null, null, '2023-04-26 11:33:05', '2023-04-26 11:33:05');

-- ----------------------------
-- Table structure for my_dict_detail
-- ----------------------------
DROP TABLE IF EXISTS `my_dict_detail`;
CREATE TABLE `my_dict_detail` (
  `id` int NOT NULL AUTO_INCREMENT COMMENT 'id值',
  `dict_id` int DEFAULT NULL COMMENT '字典id',
  `label` varchar(255) CHARACTER SET utf8mb3 COLLATE utf8mb3_general_ci DEFAULT NULL COMMENT '字典标签',
  `value` varchar(255) CHARACTER SET utf8mb3 COLLATE utf8mb3_general_ci DEFAULT NULL COMMENT '字典值',
  `sort` int DEFAULT NULL COMMENT '字典详情排序',
  `create_by` varchar(255) CHARACTER SET utf8mb3 COLLATE utf8mb3_general_ci DEFAULT NULL COMMENT '创建者',
  `update_by` varchar(255) CHARACTER SET utf8mb3 COLLATE utf8mb3_general_ci DEFAULT NULL COMMENT '更新者',
  `create_time` datetime DEFAULT NULL COMMENT '创建时间',
  `update_time` datetime DEFAULT NULL COMMENT '更新时间',
  PRIMARY KEY (`id`) USING BTREE
) ENGINE=InnoDB AUTO_INCREMENT=6 DEFAULT CHARSET=utf8mb3 ROW_FORMAT=DYNAMIC;

-- ----------------------------
-- Records of my_dict_detail
-- ----------------------------
INSERT INTO `my_dict_detail` VALUES ('1', '1', '男', '1', '1', null, null, null, null);
INSERT INTO `my_dict_detail` VALUES ('2', '1', '女', '2', '2', null, null, null, null);
INSERT INTO `my_dict_detail` VALUES ('4', '4', '已审核', '0', '1', null, null, '2023-04-26 11:33:23', '2023-04-26 11:33:23');
INSERT INTO `my_dict_detail` VALUES ('5', '4', '未审核', '1', '2', null, null, '2023-04-26 11:33:36', '2023-04-26 11:33:36');

-- ----------------------------
-- Table structure for my_job
-- ----------------------------
DROP TABLE IF EXISTS `my_job`;
CREATE TABLE `my_job` (
  `job_id` int NOT NULL AUTO_INCREMENT COMMENT 'id值',
  `job_name` varchar(255) CHARACTER SET utf8mb3 COLLATE utf8mb3_general_ci NOT NULL COMMENT '岗位名称',
  `status` tinyint(1) DEFAULT NULL COMMENT '岗位状态',
  `sort` int DEFAULT NULL COMMENT '排序',
  `create_time` datetime DEFAULT NULL COMMENT '创建时间',
  `update_time` datetime DEFAULT NULL COMMENT '更新时间',
  PRIMARY KEY (`job_id`) USING BTREE
) ENGINE=InnoDB AUTO_INCREMENT=4 DEFAULT CHARSET=utf8mb3 ROW_FORMAT=DYNAMIC;

-- ----------------------------
-- Records of my_job
-- ----------------------------
INSERT INTO `my_job` VALUES ('1', '主任医师', '1', '1', '2020-08-19 11:14:55', '2023-04-26 11:47:00');
INSERT INTO `my_job` VALUES ('2', '护士', '1', '2', '2020-08-19 11:15:30', '2023-04-26 11:47:15');
INSERT INTO `my_job` VALUES ('3', '副主任医师', '1', '3', '2020-08-19 11:16:19', '2023-04-26 11:47:29');

-- ----------------------------
-- Table structure for my_log
-- ----------------------------
DROP TABLE IF EXISTS `my_log`;
CREATE TABLE `my_log` (
  `log_id` bigint NOT NULL AUTO_INCREMENT COMMENT 'id值',
  `user_name` varchar(255) CHARACTER SET utf8mb3 COLLATE utf8mb3_general_ci DEFAULT NULL COMMENT '用户名',
  `ip` varchar(64) CHARACTER SET utf8mb3 COLLATE utf8mb3_general_ci DEFAULT NULL COMMENT '请求ip',
  `description` varchar(255) CHARACTER SET utf8mb3 COLLATE utf8mb3_general_ci DEFAULT NULL COMMENT '操作描述',
  `params` varchar(255) CHARACTER SET utf8mb3 COLLATE utf8mb3_general_ci DEFAULT NULL COMMENT '参数值',
  `browser` varchar(255) CHARACTER SET utf8mb3 COLLATE utf8mb3_general_ci DEFAULT NULL COMMENT '浏览器',
  `time` bigint DEFAULT NULL COMMENT '执行时间',
  `type` varchar(255) CHARACTER SET utf8mb3 COLLATE utf8mb3_general_ci DEFAULT NULL COMMENT '日志类型',
  `method` varchar(255) CHARACTER SET utf8mb3 COLLATE utf8mb3_general_ci DEFAULT NULL COMMENT '执行方法',
  `create_time` datetime DEFAULT NULL COMMENT '创建时间',
  `exception_detail` text CHARACTER SET utf8mb3 COLLATE utf8mb3_general_ci COMMENT '异常详细信息',
  PRIMARY KEY (`log_id`) USING BTREE
) ENGINE=InnoDB AUTO_INCREMENT=2870 DEFAULT CHARSET=utf8mb3 ROW_FORMAT=DYNAMIC;

-- ----------------------------
-- Records of my_log
-- ----------------------------
INSERT INTO `my_log` VALUES ('2629', 'admin', '192.168.31.61', '查询岗位', '{ pageTableRequest: PageTableRequest(page=null, limit=null, offset=0) jobQueryDto: JobQueryDto(queryName=null, queryStatus=null) }', 'Chrome 8', '1', 'ERROR', 'JobController.getJobAll()', '2020-10-31 11:21:05', 'java.lang.NullPointerException\r\n	at JobServiceImpl.getJobAll(JobServiceImpl.java:35)\r\n	at JobController.getJobAll(JobController.java:44)\r\n	at JobController$$FastClassBySpringCGLIB$$fc005977.invoke(<generated>)\r\n	at org.springframework.cglib.proxy.MethodProxy.invoke(MethodProxy.java:218)\r\n	at org.springframework.aop.framework.CglibAopProxy$CglibMethodInvocation.invokeJoinpoint(CglibAopProxy.java:771)\r\n	at org.springframework.aop.framework.ReflectiveMethodInvocation.proceed(ReflectiveMethodInvocation.java:163)\r\n	at org.springframework.aop.framework.CglibAopProxy$CglibMethodInvocation.proceed(CglibAopProxy.java:749)\r\n	at org.springframework.aop.aspectj.AspectJAfterThrowingAdvice.invoke(AspectJAfterThrowingAdvice.java:62)\r\n	at org.springframework.aop.framework.ReflectiveMethodInvocation.proceed(ReflectiveMethodInvocation.java:175)\r\n	at org.springframework.aop.framework.CglibAopProxy$CglibMethodInvocation.proceed(CglibAopProxy.java:749)\r\n	at org.springframework.aop.aspectj.MethodInvocationProceedingJoinPoint.proceed(MethodInvocationProceedingJoinPoint.java:88)\r\n	at LogAspect.saveSysLog(LogAspect.java:46)\r\n	at sun.reflect.NativeMethodAccessorImpl.invoke0(Native Method)\r\n	at sun.reflect.NativeMethodAccessorImpl.invoke(NativeMethodAccessorImpl.java:62)\r\n	at sun.reflect.DelegatingMethodAccessorImpl.invoke(DelegatingMethodAccessorImpl.java:43)\r\n	at java.lang.reflect.Method.invoke(Method.java:498)\r\n	at org.springframework.aop.aspectj.AbstractAspectJAdvice.invokeAdviceMethodWithGivenArgs(AbstractAspectJAdvice.java:644)\r\n	at org.springframework.aop.aspectj.AbstractAspectJAdvice.invokeAdviceMethod(AbstractAspectJAdvice.java:633)\r\n	at org.springframework.aop.aspectj.AspectJAroundAdvice.invoke(AspectJAroundAdvice.java:70)\r\n	at org.springframework.aop.framework.ReflectiveMethodInvocation.proceed(ReflectiveMethodInvocation.java:175)\r\n	at org.springframework.aop.framework.CglibAopProxy$CglibMethodInvocation.proceed(CglibAopProxy.java:749)\r\n	at org.springframework.security.access.intercept.aopalliance.MethodSecurityInterceptor.invoke(MethodSecurityInterceptor.java:69)\r\n	at org.springframework.aop.framework.ReflectiveMethodInvocation.proceed(ReflectiveMethodInvocation.java:186)\r\n	at org.springframework.aop.framework.CglibAopProxy$CglibMethodInvocation.proceed(CglibAopProxy.java:749)\r\n	at org.springframework.aop.interceptor.ExposeInvocationInterceptor.invoke(ExposeInvocationInterceptor.java:95)\r\n	at org.springframework.aop.framework.ReflectiveMethodInvocation.proceed(ReflectiveMethodInvocation.java:186)\r\n	at org.springframework.aop.framework.CglibAopProxy$CglibMethodInvocation.proceed(CglibAopProxy.java:749)\r\n	at org.springframework.aop.framework.CglibAopProxy$DynamicAdvisedInterceptor.intercept(CglibAopProxy.java:691)\r\n	at JobController$$EnhancerBySpringCGLIB$$d9741499.getJobAll(<generated>)\r\n	at sun.reflect.NativeMethodAccessorImpl.invoke0(Native Method)\r\n	at sun.reflect.NativeMethodAccessorImpl.invoke(NativeMethodAccessorImpl.java:62)\r\n	at sun.reflect.DelegatingMethodAccessorImpl.invoke(DelegatingMethodAccessorImpl.java:43)\r\n	at java.lang.reflect.Method.invoke(Method.java:498)\r\n	at org.springframework.web.method.support.InvocableHandlerMethod.doInvoke(InvocableHandlerMethod.java:190)\r\n	at org.springframework.web.method.support.InvocableHandlerMethod.invokeForRequest(InvocableHandlerMethod.java:138)\r\n	at org.springframework.web.servlet.mvc.method.annotation.ServletInvocableHandlerMethod.invokeAndHandle(ServletInvocableHandlerMethod.java:105)\r\n	at org.springframework.web.servlet.mvc.method.annotation.RequestMappingHandlerAdapter.invokeHandlerMethod(RequestMappingHandlerAdapter.java:879)\r\n	at org.springframework.web.servlet.mvc.method.annotation.RequestMappingHandlerAdapter.handleInternal(RequestMappingHandlerAdapter.java:793)\r\n	at org.springframework.web.servlet.mvc.method.AbstractHandlerMethodAdapter.handle(AbstractHandlerMethodAdapter.java:87)\r\n	at org.springframework.web.servlet.DispatcherServlet.doDispatch(DispatcherServlet.java:1040)\r\n	at org.springframework.web.servlet.DispatcherServlet.doService(DispatcherServlet.java:943)\r\n	at org.springframework.web.servlet.FrameworkServlet.processRequest(FrameworkServlet.java:1006)\r\n	at org.springframework.web.servlet.FrameworkServlet.doGet(FrameworkServlet.java:898)\r\n	at javax.servlet.http.HttpServlet.service(HttpServlet.java:634)\r\n	at org.springframework.web.servlet.FrameworkServlet.service(FrameworkServlet.java:883)\r\n	at javax.servlet.http.HttpServlet.service(HttpServlet.java:741)\r\n	at org.apache.catalina.core.ApplicationFilterChain.internalDoFilter(ApplicationFilterChain.java:231)\r\n	at org.apache.catalina.core.ApplicationFilterChain.doFilter(ApplicationFilterChain.java:166)\r\n	at org.apache.tomcat.websocket.server.WsFilter.doFilter(WsFilter.java:53)\r\n	at org.apache.catalina.core.ApplicationFilterChain.internalDoFilter(ApplicationFilterChain.java:193)\r\n	at org.apache.catalina.core.ApplicationFilterChain.doFilter(ApplicationFilterChain.java:166)\r\n	at org.springframework.web.filter.OncePerRequestFilter.doFilter(OncePerRequestFilter.java:113)\r\n	at org.apache.catalina.core.ApplicationFilterChain.internalDoFilter(ApplicationFilterChain.java:193)\r\n	at org.apache.catalina.core.ApplicationFilterChain.doFilter(ApplicationFilterChain.java:166)\r\n	at JwtAuthenticationTokenFilter.doFilterInternal(JwtAuthenticationTokenFilter.java:60)\r\n	at org.springframework.web.filter.OncePerRequestFilter.doFilter(OncePerRequestFilter.java:119)\r\n	at org.apache.catalina.core.ApplicationFilterChain.internalDoFilter(ApplicationFilterChain.java:193)\r\n	at org.apache.catalina.core.ApplicationFilterChain.doFilter(ApplicationFilterChain.java:166)\r\n	at org.springframework.security.web.FilterChainProxy$VirtualFilterChain.doFilter(FilterChainProxy.java:320)\r\n	at org.springframework.security.web.access.intercept.FilterSecurityInterceptor.invoke(FilterSecurityInterceptor.java:126)\r\n	at org.springframework.security.web.access.intercept.FilterSecurityInterceptor.doFilter(FilterSecurityInterceptor.java:90)\r\n	at org.springframework.security.web.FilterChainProxy$VirtualFilterChain.doFilter(FilterChainProxy.java:334)\r\n	at org.springframework.security.web.access.ExceptionTranslationFilter.doFilter(ExceptionTranslationFilter.java:118)\r\n	at org.springframework.security.web.FilterChainProxy$VirtualFilterChain.doFilter(FilterChainProxy.java:334)\r\n	at org.springframework.security.web.session.SessionManagementFilter.doFilter(SessionManagementFilter.java:137)\r\n	at org.springframework.security.web.FilterChainProxy$VirtualFilterChain.doFilter(FilterChainProxy.java:334)\r\n	at org.springframework.security.web.authentication.AnonymousAuthenticationFilter.doFilter(AnonymousAuthenticationFilter.java:111)\r\n	at org.springframework.security.web.FilterChainProxy$VirtualFilterChain.doFilter(FilterChainProxy.java:334)\r\n	at org.springframework.security.web.authentication.rememberme.RememberMeAuthenticationFilter.doFilter(RememberMeAuthenticationFilter.java:158)\r\n	at org.springframework.security.web.FilterChainProxy$VirtualFilterChain.doFilter(FilterChainProxy.java:334)\r\n	at org.springframework.security.web.servletapi.SecurityContextHolderAwareRequestFilter.doFilter(SecurityContextHolderAwareRequestFilter.java:158)\r\n	at org.springframework.security.web.FilterChainProxy$VirtualFilterChain.doFilter(FilterChainProxy.java:334)\r\n	at org.springframework.security.web.savedrequest.RequestCacheAwareFilter.doFilter(RequestCacheAwareFilter.java:63)\r\n	at org.springframework.security.web.FilterChainProxy$VirtualFilterChain.doFilter(FilterChainProxy.java:334)\r\n	at org.springframework.security.web.authentication.www.BasicAuthenticationFilter.doFilterInternal(BasicAuthenticationFilter.java:155)\r\n	at org.springframework.web.filter.OncePerRequestFilter.doFilter(OncePerRequestFilter.java:119)\r\n	at org.springframework.security.web.FilterChainProxy$VirtualFilterChain.doFilter(FilterChainProxy.java:334)\r\n	at org.springframework.security.web.authentication.AbstractAuthenticationProcessingFilter.doFilter(AbstractAuthenticationProcessingFilter.java:200)\r\n	at org.springframework.security.web.FilterChainProxy$VirtualFilterChain.doFilter(FilterChainProxy.java:334)\r\n	at VerifyCodeFilter.doFilterInternal(VerifyCodeFilter.java:51)\r\n	at org.springframework.web.filter.OncePerRequestFilter.doFilter(OncePerRequestFilter.java:119)\r\n	at org.springframework.security.web.FilterChainProxy$VirtualFilterChain.doFilter(FilterChainProxy.java:334)\r\n	at org.springframework.security.web.authentication.logout.LogoutFilter.doFilter(LogoutFilter.java:116)\r\n	at org.springframework.security.web.FilterChainProxy$VirtualFilterChain.doFilter(FilterChainProxy.java:334)\r\n	at org.springframework.security.web.header.HeaderWriterFilter.doHeadersAfter(HeaderWriterFilter.java:92)\r\n	at org.springframework.security.web.header.HeaderWriterFilter.doFilterInternal(HeaderWriterFilter.java:77)\r\n	at org.springframework.web.filter.OncePerRequestFilter.doFilter(OncePerRequestFilter.java:119)\r\n	at org.springframework.security.web.FilterChainProxy$VirtualFilterChain.doFilter(FilterChainProxy.java:334)\r\n	at org.springframework.security.web.context.SecurityContextPersistenceFilter.doFilter(SecurityContextPersistenceFilter.java:105)\r\n	at org.springframework.security.web.FilterChainProxy$VirtualFilterChain.doFilter(FilterChainProxy.java:334)\r\n	at org.springframework.security.web.context.request.async.WebAsyncManagerIntegrationFilter.doFilterInternal(WebAsyncManagerIntegrationFilter.java:56)\r\n	at org.springframework.web.filter.OncePerRequestFilter.doFilter(OncePerRequestFilter.java:119)\r\n	at org.springframework.security.web.FilterChainProxy$VirtualFilterChain.doFilter(FilterChainProxy.java:334)\r\n	at org.springframework.security.web.FilterChainProxy.doFilterInternal(FilterChainProxy.java:215)\r\n	at org.springframework.security.web.FilterChainProxy.doFilter(FilterChainProxy.java:178)\r\n	at org.springframework.web.filter.DelegatingFilterProxy.invokeDelegate(DelegatingFilterProxy.java:358)\r\n	at org.springframework.web.filter.DelegatingFilterProxy.doFilter(DelegatingFilterProxy.java:271)\r\n	at org.apache.catalina.core.ApplicationFilterChain.internalDoFilter(ApplicationFilterChain.java:193)\r\n	at org.apache.catalina.core.ApplicationFilterChain.doFilter(ApplicationFilterChain.java:166)\r\n	at org.springframework.web.filter.RequestContextFilter.doFilterInternal(RequestContextFilter.java:100)\r\n	at org.springframework.web.filter.OncePerRequestFilter.doFilter(OncePerRequestFilter.java:119)\r\n	at org.apache.catalina.core.ApplicationFilterChain.internalDoFilter(ApplicationFilterChain.java:193)\r\n	at org.apache.catalina.core.ApplicationFilterChain.doFilter(ApplicationFilterChain.java:166)\r\n	at org.springframework.web.filter.FormContentFilter.doFilterInternal(FormContentFilter.java:93)\r\n	at org.springframework.web.filter.OncePerRequestFilter.doFilter(OncePerRequestFilter.java:119)\r\n	at org.apache.catalina.core.ApplicationFilterChain.internalDoFilter(ApplicationFilterChain.java:193)\r\n	at org.apache.catalina.core.ApplicationFilterChain.doFilter(ApplicationFilterChain.java:166)\r\n	at org.springframework.web.filter.CharacterEncodingFilter.doFilterInternal(CharacterEncodingFilter.java:201)\r\n	at org.springframework.web.filter.OncePerRequestFilter.doFilter(OncePerRequestFilter.java:119)\r\n	at org.apache.catalina.core.ApplicationFilterChain.internalDoFilter(ApplicationFilterChain.java:193)\r\n	at org.apache.catalina.core.ApplicationFilterChain.doFilter(ApplicationFilterChain.java:166)\r\n	at org.apache.catalina.core.StandardWrapperValve.invoke(StandardWrapperValve.java:202)\r\n	at org.apache.catalina.core.StandardContextValve.invoke(StandardContextValve.java:96)\r\n	at org.apache.catalina.authenticator.AuthenticatorBase.invoke(AuthenticatorBase.java:541)\r\n	at org.apache.catalina.core.StandardHostValve.invoke(StandardHostValve.java:139)\r\n	at org.apache.catalina.valves.ErrorReportValve.invoke(ErrorReportValve.java:92)\r\n	at org.apache.catalina.core.StandardEngineValve.invoke(StandardEngineValve.java:74)\r\n	at org.apache.catalina.connector.CoyoteAdapter.service(CoyoteAdapter.java:343)\r\n	at org.apache.coyote.http11.Http11Processor.service(Http11Processor.java:373)\r\n	at org.apache.coyote.AbstractProcessorLight.process(AbstractProcessorLight.java:65)\r\n	at org.apache.coyote.AbstractProtocol$ConnectionHandler.process(AbstractProtocol.java:868)\r\n	at org.apache.tomcat.util.net.NioEndpoint$SocketProcessor.doRun(NioEndpoint.java:1590)\r\n	at org.apache.tomcat.util.net.SocketProcessorBase.run(SocketProcessorBase.java:49)\r\n	at java.util.concurrent.ThreadPoolExecutor.runWorker(ThreadPoolExecutor.java:1149)\r\n	at java.util.concurrent.ThreadPoolExecutor$Worker.run(ThreadPoolExecutor.java:624)\r\n	at org.apache.tomcat.util.threads.TaskThread$WrappingRunnable.run(TaskThread.java:61)\r\n	at java.lang.Thread.run(Thread.java:748)\r\n');
INSERT INTO `my_log` VALUES ('2703', 'admin', '192.168.31.244', '删除所有INFO日志', '{ }', 'Chrome 8', '5', 'INFO', 'LogController.delAllByInfo()', '2020-11-07 16:12:51', null);
INSERT INTO `my_log` VALUES ('2704', 'admin', '192.168.31.244', '查询字典列表', '{ pageTableRequest: PageTableRequest(page=1, limit=10, offset=0) myDict: MyDict(dictId=null, dictName=null, description=null, sort=null, createBy=null, updateBy=null) }', 'Chrome 8', '28', 'INFO', 'DictController.getJobAll()', '2020-11-07 16:17:01', null);
INSERT INTO `my_log` VALUES ('2705', 'admin', '192.168.31.244', '查询字典列表', '{ pageTableRequest: PageTableRequest(page=1, limit=10, offset=0) myDict: MyDict(dictId=null, dictName=null, description=null, sort=null, createBy=null, updateBy=null) }', 'Chrome 8', '5', 'INFO', 'DictController.getJobAll()', '2020-11-07 16:17:41', null);
INSERT INTO `my_log` VALUES ('2706', 'admin', '192.168.31.244', '查询字典列表', '{ pageTableRequest: PageTableRequest(page=1, limit=10, offset=0) myDict: MyDict(dictId=null, dictName=null, description=null, sort=null, createBy=null, updateBy=null) }', 'Chrome 8', '29', 'INFO', 'DictController.getJobAll()', '2020-11-07 16:19:15', null);
INSERT INTO `my_log` VALUES ('2707', 'admin', '192.168.31.244', '查询岗位', '{ pageTableRequest: PageTableRequest(page=1, limit=10, offset=0) jobQueryDto: JobQueryDto(queryName=null, queryStatus=null) }', 'Chrome 8', '8', 'INFO', 'JobController.getJobAll()', '2020-11-07 16:19:22', null);
INSERT INTO `my_log` VALUES ('2708', 'admin', '192.168.31.244', '查询字典列表', '{ pageTableRequest: PageTableRequest(page=1, limit=10, offset=0) myDict: MyDict(dictId=null, dictName=null, description=null, sort=null, createBy=null, updateBy=null) }', 'Chrome 8', '5', 'INFO', 'DictController.getJobAll()', '2020-11-07 16:19:23', null);
INSERT INTO `my_log` VALUES ('2709', 'admin', '192.168.31.244', '查询字典列表', '{ pageTableRequest: PageTableRequest(page=1, limit=10, offset=0) myDict: MyDict(dictId=null, dictName=null, description=null, sort=null, createBy=null, updateBy=null) }', 'Chrome 8', '29', 'INFO', 'DictController.getJobAll()', '2020-11-07 16:22:10', null);
INSERT INTO `my_log` VALUES ('2710', 'admin', '192.168.31.244', '查询字典列表', '{ pageTableRequest: PageTableRequest(page=1, limit=10, offset=0) myDict: MyDict(dictId=null, dictName=null, description=null, sort=null, createBy=null, updateBy=null) }', 'Chrome 8', '5', 'INFO', 'DictController.getJobAll()', '2020-11-07 16:23:27', null);
INSERT INTO `my_log` VALUES ('2711', 'admin', '192.168.31.244', '查询字典列表', '{ pageTableRequest: PageTableRequest(page=1, limit=10, offset=0) myDict: MyDict(dictId=null, dictName=null, description=null, sort=null, createBy=null, updateBy=null) }', 'Chrome 8', '30', 'INFO', 'DictController.getJobAll()', '2020-11-07 16:25:14', null);
INSERT INTO `my_log` VALUES ('2712', 'admin', '192.168.31.244', '查询字典列表', '{ pageTableRequest: PageTableRequest(page=1, limit=10, offset=0) myDict: MyDict(dictId=null, dictName=null, description=null, sort=null, createBy=null, updateBy=null) }', 'Chrome 8', '32', 'INFO', 'DictController.getJobAll()', '2020-11-07 16:27:31', null);
INSERT INTO `my_log` VALUES ('2713', 'admin', '192.168.31.244', '查询字典列表', '{ pageTableRequest: PageTableRequest(page=1, limit=10, offset=0) myDict: MyDict(dictId=null, dictName=null, description=null, sort=null, createBy=null, updateBy=null) }', 'Chrome 8', '30', 'INFO', 'DictController.getJobAll()', '2020-11-07 16:29:17', null);
INSERT INTO `my_log` VALUES ('2714', 'admin', '192.168.31.244', '查询岗位', '{ pageTableRequest: PageTableRequest(page=1, limit=10, offset=0) jobQueryDto: JobQueryDto(queryName=null, queryStatus=null) }', 'Chrome 8', '13', 'INFO', 'JobController.getJobAll()', '2020-11-07 16:31:43', null);
INSERT INTO `my_log` VALUES ('2715', 'admin', '192.168.31.244', '查询字典列表', '{ pageTableRequest: PageTableRequest(page=1, limit=10, offset=0) myDict: MyDict(dictId=null, dictName=null, description=null, sort=null, createBy=null, updateBy=null) }', 'Chrome 8', '22', 'INFO', 'DictController.getJobAll()', '2020-11-07 16:34:26', null);
INSERT INTO `my_log` VALUES ('2716', 'admin', '192.168.31.244', '查询字典列表', '{ pageTableRequest: PageTableRequest(page=1, limit=10, offset=0) myDict: MyDict(dictId=null, dictName=null, description=null, sort=null, createBy=null, updateBy=null) }', 'Chrome 8', '23', 'INFO', 'DictController.getJobAll()', '2020-11-07 16:39:06', null);
INSERT INTO `my_log` VALUES ('2717', 'admin', '192.168.31.244', '查询字典列表', '{ pageTableRequest: PageTableRequest(page=1, limit=10, offset=0) myDict: MyDict(dictId=null, dictName=null, description=null, sort=null, createBy=null, updateBy=null) }', 'Chrome 8', '24', 'INFO', 'DictController.getJobAll()', '2020-11-07 16:40:41', null);
INSERT INTO `my_log` VALUES ('2718', 'admin', '192.168.31.244', '查询字典列表', '{ pageTableRequest: PageTableRequest(page=1, limit=10, offset=0) myDict: MyDict(dictId=null, dictName=null, description=null, sort=null, createBy=null, updateBy=null) }', 'Chrome 8', '4', 'INFO', 'DictController.getJobAll()', '2020-11-07 16:40:43', null);
INSERT INTO `my_log` VALUES ('2719', 'admin', '192.168.31.244', '查询字典列表', '{ pageTableRequest: PageTableRequest(page=1, limit=10, offset=0) myDict: MyDict(dictId=null, dictName=null, description=null, sort=null, createBy=null, updateBy=null) }', 'Chrome 8', '29', 'INFO', 'DictController.getJobAll()', '2020-11-07 16:48:19', null);
INSERT INTO `my_log` VALUES ('2720', 'admin', '192.168.31.244', '查询字典列表', '{ pageTableRequest: PageTableRequest(page=1, limit=10, offset=0) myDict: MyDict(dictId=null, dictName=null, description=null, sort=null, createBy=null, updateBy=null) }', 'Chrome 8', '159', 'INFO', 'DictController.getJobAll()', '2020-11-07 16:53:09', null);
INSERT INTO `my_log` VALUES ('2721', 'admin', '192.168.31.244', '查询字典列表', '{ pageTableRequest: PageTableRequest(page=1, limit=10, offset=0) myDict: MyDict(dictId=null, dictName=null, description=null, sort=null, createBy=null, updateBy=null) }', 'Chrome 8', '29', 'INFO', 'DictController.getJobAll()', '2020-11-07 16:54:49', null);
INSERT INTO `my_log` VALUES ('2722', 'admin', '192.168.31.244', '查询字典列表', '{ pageTableRequest: PageTableRequest(page=1, limit=10, offset=0) myDict: MyDict(dictId=null, dictName=null, description=null, sort=null, createBy=null, updateBy=null) }', 'Chrome 8', '28', 'INFO', 'DictController.getJobAll()', '2020-11-07 16:55:43', null);
INSERT INTO `my_log` VALUES ('2723', 'admin', '192.168.31.244', '查询字典列表', '{ pageTableRequest: PageTableRequest(page=1, limit=10, offset=0) myDict: MyDict(dictId=null, dictName=null, description=null, sort=null, createBy=null, updateBy=null) }', 'Chrome 8', '29', 'INFO', 'DictController.getJobAll()', '2020-11-07 16:56:42', null);
INSERT INTO `my_log` VALUES ('2724', 'admin', '192.168.31.244', '查询字典列表', '{ pageTableRequest: PageTableRequest(page=1, limit=10, offset=0) myDict: MyDict(dictId=null, dictName=null, description=null, sort=null, createBy=null, updateBy=null) }', 'Chrome 8', '29', 'INFO', 'DictController.getJobAll()', '2020-11-07 16:57:42', null);
INSERT INTO `my_log` VALUES ('2725', 'admin', '192.168.31.244', '查询字典列表', '{ pageTableRequest: PageTableRequest(page=1, limit=10, offset=0) myDict: MyDict(dictId=null, dictName=null, description=null, sort=null, createBy=null, updateBy=null) }', 'Chrome 8', '29', 'INFO', 'DictController.getJobAll()', '2020-11-07 17:01:03', null);
INSERT INTO `my_log` VALUES ('2726', 'admin', '192.168.31.244', '查询字典列表', '{ pageTableRequest: PageTableRequest(page=1, limit=10, offset=0) myDict: MyDict(dictId=null, dictName=null, description=null, sort=null, createBy=null, updateBy=null) }', 'Chrome 8', '29', 'INFO', 'DictController.getJobAll()', '2020-11-07 17:04:29', null);
INSERT INTO `my_log` VALUES ('2727', 'admin', '192.168.31.244', '查询岗位', '{ pageTableRequest: PageTableRequest(page=1, limit=10, offset=0) jobQueryDto: JobQueryDto(queryName=null, queryStatus=null) }', 'Chrome 8', '21', 'INFO', 'JobController.getJobAll()', '2020-11-07 17:06:24', null);
INSERT INTO `my_log` VALUES ('2728', 'admin', '192.168.31.244', '查询字典列表', '{ pageTableRequest: PageTableRequest(page=1, limit=10, offset=0) myDict: MyDict(dictId=null, dictName=null, description=null, sort=null, createBy=null, updateBy=null) }', 'Chrome 8', '29', 'INFO', 'DictController.getJobAll()', '2020-11-07 17:10:10', null);
INSERT INTO `my_log` VALUES ('2729', 'admin', '192.168.31.244', '查询字典列表', '{ pageTableRequest: PageTableRequest(page=1, limit=10, offset=0) myDict: MyDict(dictId=null, dictName=null, description=null, sort=null, createBy=null, updateBy=null) }', 'Chrome 8', '31', 'INFO', 'DictController.getJobAll()', '2020-11-07 17:22:00', null);
INSERT INTO `my_log` VALUES ('2730', 'admin', '192.168.31.244', '添加字典', '{ myDict: MyDict(dictId=null, dictName=测试, description=描述测试, sort=2, createBy=null, updateBy=null) }', 'Chrome 8', '8', 'INFO', 'DictController.saveJob()', '2020-11-07 17:22:12', null);
INSERT INTO `my_log` VALUES ('2731', 'admin', '192.168.31.244', '添加字典', '{ myDict: MyDict(dictId=null, dictName=测试2, description=描述测试, sort=2, createBy=null, updateBy=null) }', 'Chrome 8', '94', 'ERROR', 'DictController.saveJob()', '2020-11-07 17:22:15', 'org.springframework.dao.DataIntegrityViolationException: \r\n### Error updating database.  Cause: java.sql.SQLIntegrityConstraintViolationException: Column \'dict_id\' cannot be null\r\n### The error may exist in com/codermy/myspringsecurityplus/admin/dao/DictDao.java (best guess)\r\n### The error may involve DictDao.insertDict-Inline\r\n### The error occurred while setting parameters\r\n### SQL: INSERT INTO my_dict(dict_id,dict_name,description, sort,create_time, update_time)values(?,?,?,?, now(), now())\r\n### Cause: java.sql.SQLIntegrityConstraintViolationException: Column \'dict_id\' cannot be null\n; Column \'dict_id\' cannot be null; nested exception is java.sql.SQLIntegrityConstraintViolationException: Column \'dict_id\' cannot be null\r\n	at org.springframework.jdbc.support.SQLExceptionSubclassTranslator.doTranslate(SQLExceptionSubclassTranslator.java:87)\r\n	at org.springframework.jdbc.support.AbstractFallbackSQLExceptionTranslator.translate(AbstractFallbackSQLExceptionTranslator.java:72)\r\n	at org.springframework.jdbc.support.AbstractFallbackSQLExceptionTranslator.translate(AbstractFallbackSQLExceptionTranslator.java:81)\r\n	at org.mybatis.spring.MyBatisExceptionTranslator.translateExceptionIfPossible(MyBatisExceptionTranslator.java:88)\r\n	at org.mybatis.spring.SqlSessionTemplate$SqlSessionInterceptor.invoke(SqlSessionTemplate.java:440)\r\n	at com.sun.proxy.$Proxy99.insert(Unknown Source)\r\n	at org.mybatis.spring.SqlSessionTemplate.insert(SqlSessionTemplate.java:271)\r\n	at org.apache.ibatis.binding.MapperMethod.execute(MapperMethod.java:62)\r\n	at org.apache.ibatis.binding.MapperProxy$PlainMethodInvoker.invoke(MapperProxy.java:144)\r\n	at org.apache.ibatis.binding.MapperProxy.invoke(MapperProxy.java:85)\r\n	at com.sun.proxy.$Proxy115.insertDict(Unknown Source)\r\n	at DictServiceImpl.insertDict(DictServiceImpl.java:46)\r\n	at DictController.saveJob(DictController.java:63)\r\n	at DictController$$FastClassBySpringCGLIB$$1.invoke(<generated>)\r\n	at org.springframework.cglib.proxy.MethodProxy.invoke(MethodProxy.java:218)\r\n	at org.springframework.aop.framework.CglibAopProxy$CglibMethodInvocation.invokeJoinpoint(CglibAopProxy.java:771)\r\n	at org.springframework.aop.framework.ReflectiveMethodInvocation.proceed(ReflectiveMethodInvocation.java:163)\r\n	at org.springframework.aop.framework.CglibAopProxy$CglibMethodInvocation.proceed(CglibAopProxy.java:749)\r\n	at org.springframework.aop.aspectj.AspectJAfterThrowingAdvice.invoke(AspectJAfterThrowingAdvice.java:62)\r\n	at org.springframework.aop.framework.ReflectiveMethodInvocation.proceed(ReflectiveMethodInvocation.java:175)\r\n	at org.springframework.aop.framework.CglibAopProxy$CglibMethodInvocation.proceed(CglibAopProxy.java:749)\r\n	at org.springframework.aop.aspectj.MethodInvocationProceedingJoinPoint.proceed(MethodInvocationProceedingJoinPoint.java:88)\r\n	at LogAspect.saveSysLog(LogAspect.java:46)\r\n	at sun.reflect.NativeMethodAccessorImpl.invoke0(Native Method)\r\n	at sun.reflect.NativeMethodAccessorImpl.invoke(NativeMethodAccessorImpl.java:62)\r\n	at sun.reflect.DelegatingMethodAccessorImpl.invoke(DelegatingMethodAccessorImpl.java:43)\r\n	at java.lang.reflect.Method.invoke(Method.java:498)\r\n	at org.springframework.aop.aspectj.AbstractAspectJAdvice.invokeAdviceMethodWithGivenArgs(AbstractAspectJAdvice.java:644)\r\n	at org.springframework.aop.aspectj.AbstractAspectJAdvice.invokeAdviceMethod(AbstractAspectJAdvice.java:633)\r\n	at org.springframework.aop.aspectj.AspectJAroundAdvice.invoke(AspectJAroundAdvice.java:70)\r\n	at org.springframework.aop.framework.ReflectiveMethodInvocation.proceed(ReflectiveMethodInvocation.java:175)\r\n	at org.springframework.aop.framework.CglibAopProxy$CglibMethodInvocation.proceed(CglibAopProxy.java:749)\r\n	at org.springframework.security.access.intercept.aopalliance.MethodSecurityInterceptor.invoke(MethodSecurityInterceptor.java:69)\r\n	at org.springframework.aop.framework.ReflectiveMethodInvocation.proceed(ReflectiveMethodInvocation.java:186)\r\n	at org.springframework.aop.framework.CglibAopProxy$CglibMethodInvocation.proceed(CglibAopProxy.java:749)\r\n	at org.springframework.aop.interceptor.ExposeInvocationInterceptor.invoke(ExposeInvocationInterceptor.java:95)\r\n	at org.springframework.aop.framework.ReflectiveMethodInvocation.proceed(ReflectiveMethodInvocation.java:186)\r\n	at org.springframework.aop.framework.CglibAopProxy$CglibMethodInvocation.proceed(CglibAopProxy.java:749)\r\n	at org.springframework.aop.framework.CglibAopProxy$DynamicAdvisedInterceptor.intercept(CglibAopProxy.java:691)\r\n	at DictController$$EnhancerBySpringCGLIB$$1.saveJob(<generated>)\r\n	at sun.reflect.NativeMethodAccessorImpl.invoke0(Native Method)\r\n	at sun.reflect.NativeMethodAccessorImpl.invoke(NativeMethodAccessorImpl.java:62)\r\n	at sun.reflect.DelegatingMethodAccessorImpl.invoke(DelegatingMethodAccessorImpl.java:43)\r\n	at java.lang.reflect.Method.invoke(Method.java:498)\r\n	at org.springframework.web.method.support.InvocableHandlerMethod.doInvoke(InvocableHandlerMethod.java:190)\r\n	at org.springframework.web.method.support.InvocableHandlerMethod.invokeForRequest(InvocableHandlerMethod.java:138)\r\n	at org.springframework.web.servlet.mvc.method.annotation.ServletInvocableHandlerMethod.invokeAndHandle(ServletInvocableHandlerMethod.java:105)\r\n	at org.springframework.web.servlet.mvc.method.annotation.RequestMappingHandlerAdapter.invokeHandlerMethod(RequestMappingHandlerAdapter.java:879)\r\n	at org.springframework.web.servlet.mvc.method.annotation.RequestMappingHandlerAdapter.handleInternal(RequestMappingHandlerAdapter.java:793)\r\n	at org.springframework.web.servlet.mvc.method.AbstractHandlerMethodAdapter.handle(AbstractHandlerMethodAdapter.java:87)\r\n	at org.springframework.web.servlet.DispatcherServlet.doDispatch(DispatcherServlet.java:1040)\r\n	at org.springframework.web.servlet.DispatcherServlet.doService(DispatcherServlet.java:943)\r\n	at org.springframework.web.servlet.FrameworkServlet.processRequest(FrameworkServlet.java:1006)\r\n	at org.springframework.web.servlet.FrameworkServlet.doPost(FrameworkServlet.java:909)\r\n	at javax.servlet.http.HttpServlet.service(HttpServlet.java:660)\r\n	at org.springframework.web.servlet.FrameworkServlet.service(FrameworkServlet.java:883)\r\n	at javax.servlet.http.HttpServlet.service(HttpServlet.java:741)\r\n	at org.apache.catalina.core.ApplicationFilterChain.internalDoFilter(ApplicationFilterChain.java:231)\r\n	at org.apache.catalina.core.ApplicationFilterChain.doFilter(ApplicationFilterChain.java:166)\r\n	at org.apache.tomcat.websocket.server.WsFilter.doFilter(WsFilter.java:53)\r\n	at org.apache.catalina.core.ApplicationFilterChain.internalDoFilter(ApplicationFilterChain.java:193)\r\n	at org.apache.catalina.core.ApplicationFilterChain.doFilter(ApplicationFilterChain.java:166)\r\n	at org.springframework.web.filter.OncePerRequestFilter.doFilter(OncePerRequestFilter.java:113)\r\n	at org.apache.catalina.core.ApplicationFilterChain.internalDoFilter(ApplicationFilterChain.java:193)\r\n	at org.apache.catalina.core.ApplicationFilterChain.doFilter(ApplicationFilterChain.java:166)\r\n	at JwtAuthenticationTokenFilter.doFilterInternal(JwtAuthenticationTokenFilter.java:60)\r\n	at org.springframework.web.filter.OncePerRequestFilter.doFilter(OncePerRequestFilter.java:119)\r\n	at org.apache.catalina.core.ApplicationFilterChain.internalDoFilter(ApplicationFilterChain.java:193)\r\n	at org.apache.catalina.core.ApplicationFilterChain.doFilter(ApplicationFilterChain.java:166)\r\n	at org.springframework.security.web.FilterChainProxy$VirtualFilterChain.doFilter(FilterChainProxy.java:320)\r\n	at org.springframework.security.web.access.intercept.FilterSecurityInterceptor.invoke(FilterSecurityInterceptor.java:126)\r\n	at org.springframework.security.web.access.intercept.FilterSecurityInterceptor.doFilter(FilterSecurityInterceptor.java:90)\r\n	at org.springframework.security.web.FilterChainProxy$VirtualFilterChain.doFilter(FilterChainProxy.java:334)\r\n	at org.springframework.security.web.access.ExceptionTranslationFilter.doFilter(ExceptionTranslationFilter.java:118)\r\n	at org.springframework.security.web.FilterChainProxy$VirtualFilterChain.doFilter(FilterChainProxy.java:334)\r\n	at org.springframework.security.web.session.SessionManagementFilter.doFilter(SessionManagementFilter.java:137)\r\n	at org.springframework.security.web.FilterChainProxy$VirtualFilterChain.doFilter(FilterChainProxy.java:334)\r\n	at org.springframework.security.web.authentication.AnonymousAuthenticationFilter.doFilter(AnonymousAuthenticationFilter.java:111)\r\n	at org.springframework.security.web.FilterChainProxy$VirtualFilterChain.doFilter(FilterChainProxy.java:334)\r\n	at org.springframework.security.web.authentication.rememberme.RememberMeAuthenticationFilter.doFilter(RememberMeAuthenticationFilter.java:158)\r\n	at org.springframework.security.web.FilterChainProxy$VirtualFilterChain.doFilter(FilterChainProxy.java:334)\r\n	at org.springframework.security.web.servletapi.SecurityContextHolderAwareRequestFilter.doFilter(SecurityContextHolderAwareRequestFilter.java:158)\r\n	at org.springframework.security.web.FilterChainProxy$VirtualFilterChain.doFilter(FilterChainProxy.java:334)\r\n	at org.springframework.security.web.savedrequest.RequestCacheAwareFilter.doFilter(RequestCacheAwareFilter.java:63)\r\n	at org.springframework.security.web.FilterChainProxy$VirtualFilterChain.doFilter(FilterChainProxy.java:334)\r\n	at org.springframework.security.web.authentication.www.BasicAuthenticationFilter.doFilterInternal(BasicAuthenticationFilter.java:155)\r\n	at org.springframework.web.filter.OncePerRequestFilter.doFilter(OncePerRequestFilter.java:119)\r\n	at org.springframework.security.web.FilterChainProxy$VirtualFilterChain.doFilter(FilterChainProxy.java:334)\r\n	at org.springframework.security.web.authentication.AbstractAuthenticationProcessingFilter.doFilter(AbstractAuthenticationProcessingFilter.java:200)\r\n	at org.springframework.security.web.FilterChainProxy$VirtualFilterChain.doFilter(FilterChainProxy.java:334)\r\n	at VerifyCodeFilter.doFilterInternal(VerifyCodeFilter.java:51)\r\n	at org.springframework.web.filter.OncePerRequestFilter.doFilter(OncePerRequestFilter.java:119)\r\n	at org.springframework.security.web.FilterChainProxy$VirtualFilterChain.doFilter(FilterChainProxy.java:334)\r\n	at org.springframework.security.web.authentication.logout.LogoutFilter.doFilter(LogoutFilter.java:116)\r\n	at org.springframework.security.web.FilterChainProxy$VirtualFilterChain.doFilter(FilterChainProxy.java:334)\r\n	at org.springframework.security.web.header.HeaderWriterFilter.doHeadersAfter(HeaderWriterFilter.java:92)\r\n	at org.springframework.security.web.header.HeaderWriterFilter.doFilterInternal(HeaderWriterFilter.java:77)\r\n	at org.springframework.web.filter.OncePerRequestFilter.doFilter(OncePerRequestFilter.java:119)\r\n	at org.springframework.security.web.FilterChainProxy$VirtualFilterChain.doFilter(FilterChainProxy.java:334)\r\n	at org.springframework.security.web.context.SecurityContextPersistenceFilter.doFilter(SecurityContextPersistenceFilter.java:105)\r\n	at org.springframework.security.web.FilterChainProxy$VirtualFilterChain.doFilter(FilterChainProxy.java:334)\r\n	at org.springframework.security.web.context.request.async.WebAsyncManagerIntegrationFilter.doFilterInternal(WebAsyncManagerIntegrationFilter.java:56)\r\n	at org.springframework.web.filter.OncePerRequestFilter.doFilter(OncePerRequestFilter.java:119)\r\n	at org.springframework.security.web.FilterChainProxy$VirtualFilterChain.doFilter(FilterChainProxy.java:334)\r\n	at org.springframework.security.web.FilterChainProxy.doFilterInternal(FilterChainProxy.java:215)\r\n	at org.springframework.security.web.FilterChainProxy.doFilter(FilterChainProxy.java:178)\r\n	at org.springframework.web.filter.DelegatingFilterProxy.invokeDelegate(DelegatingFilterProxy.java:358)\r\n	at org.springframework.web.filter.DelegatingFilterProxy.doFilter(DelegatingFilterProxy.java:271)\r\n	at org.apache.catalina.core.ApplicationFilterChain.internalDoFilter(ApplicationFilterChain.java:193)\r\n	at org.apache.catalina.core.ApplicationFilterChain.doFilter(ApplicationFilterChain.java:166)\r\n	at org.springframework.web.filter.RequestContextFilter.doFilterInternal(RequestContextFilter.java:100)\r\n	at org.springframework.web.filter.OncePerRequestFilter.doFilter(OncePerRequestFilter.java:119)\r\n	at org.apache.catalina.core.ApplicationFilterChain.internalDoFilter(ApplicationFilterChain.java:193)\r\n	at org.apache.catalina.core.ApplicationFilterChain.doFilter(ApplicationFilterChain.java:166)\r\n	at org.springframework.web.filter.FormContentFilter.doFilterInternal(FormContentFilter.java:93)\r\n	at org.springframework.web.filter.OncePerRequestFilter.doFilter(OncePerRequestFilter.java:119)\r\n	at org.apache.catalina.core.ApplicationFilterChain.internalDoFilter(ApplicationFilterChain.java:193)\r\n	at org.apache.catalina.core.ApplicationFilterChain.doFilter(ApplicationFilterChain.java:166)\r\n	at org.springframework.web.filter.CharacterEncodingFilter.doFilterInternal(CharacterEncodingFilter.java:201)\r\n	at org.springframework.web.filter.OncePerRequestFilter.doFilter(OncePerRequestFilter.java:119)\r\n	at org.apache.catalina.core.ApplicationFilterChain.internalDoFilter(ApplicationFilterChain.java:193)\r\n	at org.apache.catalina.core.ApplicationFilterChain.doFilter(ApplicationFilterChain.java:166)\r\n	at org.apache.catalina.core.StandardWrapperValve.invoke(StandardWrapperValve.java:202)\r\n	at org.apache.catalina.core.StandardContextValve.__invoke(StandardContextValve.java:96)\r\n	at org.apache.catalina.core.StandardContextValve.invoke(StandardContextValve.java:41002)\r\n	at org.apache.catalina.authenticator.AuthenticatorBase.invoke(AuthenticatorBase.java:541)\r\n	at org.apache.catalina.core.StandardHostValve.invoke(StandardHostValve.java:139)\r\n	at org.apache.catalina.valves.ErrorReportValve.invoke(ErrorReportValve.java:92)\r\n	at org.apache.catalina.core.StandardEngineValve.invoke(StandardEngineValve.java:74)\r\n	at org.apache.catalina.connector.CoyoteAdapter.service(CoyoteAdapter.java:343)\r\n	at org.apache.coyote.http11.Http11Processor.service(Http11Processor.java:373)\r\n	at org.apache.coyote.AbstractProcessorLight.process(AbstractProcessorLight.java:65)\r\n	at org.apache.coyote.AbstractProtocol$ConnectionHandler.process(AbstractProtocol.java:868)\r\n	at org.apache.tomcat.util.net.NioEndpoint$SocketProcessor.doRun(NioEndpoint.java:1590)\r\n	at org.apache.tomcat.util.net.SocketProcessorBase.run(SocketProcessorBase.java:49)\r\n	at java.util.concurrent.ThreadPoolExecutor.runWorker(ThreadPoolExecutor.java:1149)\r\n	at java.util.concurrent.ThreadPoolExecutor$Worker.run(ThreadPoolExecutor.java:624)\r\n	at org.apache.tomcat.util.threads.TaskThread$WrappingRunnable.run(TaskThread.java:61)\r\n	at java.lang.Thread.run(Thread.java:748)\r\nCaused by: java.sql.SQLIntegrityConstraintViolationException: Column \'dict_id\' cannot be null\r\n	at com.mysql.cj.jdbc.exceptions.SQLError.createSQLException(SQLError.java:117)\r\n	at com.mysql.cj.jdbc.exceptions.SQLError.createSQLException(SQLError.java:97)\r\n	at com.mysql.cj.jdbc.exceptions.SQLExceptionsMapping.translateException(SQLExceptionsMapping.java:122)\r\n	at com.mysql.cj.jdbc.ClientPreparedStatement.executeInternal(ClientPreparedStatement.java:953)\r\n	at com.mysql.cj.jdbc.ClientPreparedStatement.execute(ClientPreparedStatement.java:370)\r\n	at com.alibaba.druid.filter.FilterChainImpl.preparedStatement_execute(FilterChainImpl.java:3461)\r\n	at com.alibaba.druid.filter.FilterEventAdapter.preparedStatement_execute(FilterEventAdapter.java:440)\r\n	at com.alibaba.druid.filter.FilterChainImpl.preparedStatement_execute(FilterChainImpl.java:3459)\r\n	at com.alibaba.druid.proxy.jdbc.PreparedStatementProxyImpl.execute(PreparedStatementProxyImpl.java:167)\r\n	at com.alibaba.druid.pool.DruidPooledPreparedStatement.execute(DruidPooledPreparedStatement.java:497)\r\n	at org.apache.ibatis.executor.statement.PreparedStatementHandler.update(PreparedStatementHandler.java:47)\r\n	at org.apache.ibatis.executor.statement.RoutingStatementHandler.update(RoutingStatementHandler.java:74)\r\n	at org.apache.ibatis.executor.SimpleExecutor.doUpdate(SimpleExecutor.java:50)\r\n	at org.apache.ibatis.executor.BaseExecutor.update(BaseExecutor.java:117)\r\n	at org.apache.ibatis.executor.CachingExecutor.update(CachingExecutor.java:76)\r\n	at sun.reflect.NativeMethodAccessorImpl.invoke0(Native Method)\r\n	at sun.reflect.NativeMethodAccessorImpl.invoke(NativeMethodAccessorImpl.java:62)\r\n	at sun.reflect.DelegatingMethodAccessorImpl.invoke(DelegatingMethodAccessorImpl.java:43)\r\n	at java.lang.reflect.Method.invoke(Method.java:498)\r\n	at org.apache.ibatis.plugin.Plugin.invoke(Plugin.java:63)\r\n	at com.sun.proxy.$Proxy153.update(Unknown Source)\r\n	at org.apache.ibatis.session.defaults.DefaultSqlSession.update(DefaultSqlSession.java:197)\r\n	at org.apache.ibatis.session.defaults.DefaultSqlSession.insert(DefaultSqlSession.java:184)\r\n	at sun.reflect.NativeMethodAccessorImpl.invoke0(Native Method)\r\n	at sun.reflect.NativeMethodAccessorImpl.invoke(NativeMethodAccessorImpl.java:62)\r\n	at sun.reflect.DelegatingMethodAccessorImpl.invoke(DelegatingMethodAccessorImpl.java:43)\r\n	at java.lang.reflect.Method.invoke(Method.java:498)\r\n	at org.mybatis.spring.SqlSessionTemplate$SqlSessionInterceptor.invoke(SqlSessionTemplate.java:426)\r\n	... 134 more\r\n');
INSERT INTO `my_log` VALUES ('2732', 'admin', '192.168.31.244', '查询字典列表', '{ pageTableRequest: PageTableRequest(page=1, limit=10, offset=0) myDict: MyDict(dictId=null, dictName=null, description=null, sort=null, createBy=null, updateBy=null) }', 'Chrome 8', '29', 'INFO', 'DictController.getJobAll()', '2020-11-07 17:56:44', null);
INSERT INTO `my_log` VALUES ('2733', 'admin', '192.168.31.244', '添加字典', '{ myDict: MyDict(dictId=null, dictName=测试, description=1, sort=1, createBy=null, updateBy=null) }', 'Chrome 8', '4', 'INFO', 'DictController.saveJob()', '2020-11-07 17:56:54', null);
INSERT INTO `my_log` VALUES ('2734', 'admin', '192.168.31.244', '添加字典', '{ myDict: MyDict(dictId=null, dictName=测试1, description=1, sort=1, createBy=null, updateBy=null) }', 'Chrome 8', '73', 'ERROR', 'DictController.saveJob()', '2020-11-07 17:57:10', 'org.springframework.dao.DataIntegrityViolationException: \r\n### Error updating database.  Cause: java.sql.SQLIntegrityConstraintViolationException: Column \'dict_id\' cannot be null\r\n### The error may exist in com/codermy/myspringsecurityplus/admin/dao/DictDao.java (best guess)\r\n### The error may involve DictDao.insertDict-Inline\r\n### The error occurred while setting parameters\r\n### SQL: INSERT INTO my_dict(dict_id,dict_name,description, sort,create_time, update_time)values(?,?,?,?, now(), now())\r\n### Cause: java.sql.SQLIntegrityConstraintViolationException: Column \'dict_id\' cannot be null\n; Column \'dict_id\' cannot be null; nested exception is java.sql.SQLIntegrityConstraintViolationException: Column \'dict_id\' cannot be null\r\n	at org.springframework.jdbc.support.SQLExceptionSubclassTranslator.doTranslate(SQLExceptionSubclassTranslator.java:87)\r\n	at org.springframework.jdbc.support.AbstractFallbackSQLExceptionTranslator.translate(AbstractFallbackSQLExceptionTranslator.java:72)\r\n	at org.springframework.jdbc.support.AbstractFallbackSQLExceptionTranslator.translate(AbstractFallbackSQLExceptionTranslator.java:81)\r\n	at org.mybatis.spring.MyBatisExceptionTranslator.translateExceptionIfPossible(MyBatisExceptionTranslator.java:88)\r\n	at org.mybatis.spring.SqlSessionTemplate$SqlSessionInterceptor.invoke(SqlSessionTemplate.java:440)\r\n	at com.sun.proxy.$Proxy99.insert(Unknown Source)\r\n	at org.mybatis.spring.SqlSessionTemplate.insert(SqlSessionTemplate.java:271)\r\n	at org.apache.ibatis.binding.MapperMethod.execute(MapperMethod.java:62)\r\n	at org.apache.ibatis.binding.MapperProxy$PlainMethodInvoker.invoke(MapperProxy.java:144)\r\n	at org.apache.ibatis.binding.MapperProxy.invoke(MapperProxy.java:85)\r\n	at com.sun.proxy.$Proxy115.insertDict(Unknown Source)\r\n	at DictServiceImpl.insertDict(DictServiceImpl.java:46)\r\n	at DictController.saveJob(DictController.java:63)\r\n	at DictController$$FastClassBySpringCGLIB$$1.invoke(<generated>)\r\n	at org.springframework.cglib.proxy.MethodProxy.invoke(MethodProxy.java:218)\r\n	at org.springframework.aop.framework.CglibAopProxy$CglibMethodInvocation.invokeJoinpoint(CglibAopProxy.java:771)\r\n	at org.springframework.aop.framework.ReflectiveMethodInvocation.proceed(ReflectiveMethodInvocation.java:163)\r\n	at org.springframework.aop.framework.CglibAopProxy$CglibMethodInvocation.proceed(CglibAopProxy.java:749)\r\n	at org.springframework.aop.aspectj.AspectJAfterThrowingAdvice.invoke(AspectJAfterThrowingAdvice.java:62)\r\n	at org.springframework.aop.framework.ReflectiveMethodInvocation.proceed(ReflectiveMethodInvocation.java:175)\r\n	at org.springframework.aop.framework.CglibAopProxy$CglibMethodInvocation.proceed(CglibAopProxy.java:749)\r\n	at org.springframework.aop.aspectj.MethodInvocationProceedingJoinPoint.proceed(MethodInvocationProceedingJoinPoint.java:88)\r\n	at LogAspect.saveSysLog(LogAspect.java:46)\r\n	at sun.reflect.NativeMethodAccessorImpl.invoke0(Native Method)\r\n	at sun.reflect.NativeMethodAccessorImpl.invoke(NativeMethodAccessorImpl.java:62)\r\n	at sun.reflect.DelegatingMethodAccessorImpl.invoke(DelegatingMethodAccessorImpl.java:43)\r\n	at java.lang.reflect.Method.invoke(Method.java:498)\r\n	at org.springframework.aop.aspectj.AbstractAspectJAdvice.invokeAdviceMethodWithGivenArgs(AbstractAspectJAdvice.java:644)\r\n	at org.springframework.aop.aspectj.AbstractAspectJAdvice.invokeAdviceMethod(AbstractAspectJAdvice.java:633)\r\n	at org.springframework.aop.aspectj.AspectJAroundAdvice.invoke(AspectJAroundAdvice.java:70)\r\n	at org.springframework.aop.framework.ReflectiveMethodInvocation.proceed(ReflectiveMethodInvocation.java:175)\r\n	at org.springframework.aop.framework.CglibAopProxy$CglibMethodInvocation.proceed(CglibAopProxy.java:749)\r\n	at org.springframework.security.access.intercept.aopalliance.MethodSecurityInterceptor.invoke(MethodSecurityInterceptor.java:69)\r\n	at org.springframework.aop.framework.ReflectiveMethodInvocation.proceed(ReflectiveMethodInvocation.java:186)\r\n	at org.springframework.aop.framework.CglibAopProxy$CglibMethodInvocation.proceed(CglibAopProxy.java:749)\r\n	at org.springframework.aop.interceptor.ExposeInvocationInterceptor.invoke(ExposeInvocationInterceptor.java:95)\r\n	at org.springframework.aop.framework.ReflectiveMethodInvocation.proceed(ReflectiveMethodInvocation.java:186)\r\n	at org.springframework.aop.framework.CglibAopProxy$CglibMethodInvocation.proceed(CglibAopProxy.java:749)\r\n	at org.springframework.aop.framework.CglibAopProxy$DynamicAdvisedInterceptor.intercept(CglibAopProxy.java:691)\r\n	at DictController$$EnhancerBySpringCGLIB$$1.saveJob(<generated>)\r\n	at sun.reflect.NativeMethodAccessorImpl.invoke0(Native Method)\r\n	at sun.reflect.NativeMethodAccessorImpl.invoke(NativeMethodAccessorImpl.java:62)\r\n	at sun.reflect.DelegatingMethodAccessorImpl.invoke(DelegatingMethodAccessorImpl.java:43)\r\n	at java.lang.reflect.Method.invoke(Method.java:498)\r\n	at org.springframework.web.method.support.InvocableHandlerMethod.doInvoke(InvocableHandlerMethod.java:190)\r\n	at org.springframework.web.method.support.InvocableHandlerMethod.invokeForRequest(InvocableHandlerMethod.java:138)\r\n	at org.springframework.web.servlet.mvc.method.annotation.ServletInvocableHandlerMethod.invokeAndHandle(ServletInvocableHandlerMethod.java:105)\r\n	at org.springframework.web.servlet.mvc.method.annotation.RequestMappingHandlerAdapter.invokeHandlerMethod(RequestMappingHandlerAdapter.java:879)\r\n	at org.springframework.web.servlet.mvc.method.annotation.RequestMappingHandlerAdapter.handleInternal(RequestMappingHandlerAdapter.java:793)\r\n	at org.springframework.web.servlet.mvc.method.AbstractHandlerMethodAdapter.handle(AbstractHandlerMethodAdapter.java:87)\r\n	at org.springframework.web.servlet.DispatcherServlet.doDispatch(DispatcherServlet.java:1040)\r\n	at org.springframework.web.servlet.DispatcherServlet.doService(DispatcherServlet.java:943)\r\n	at org.springframework.web.servlet.FrameworkServlet.processRequest(FrameworkServlet.java:1006)\r\n	at org.springframework.web.servlet.FrameworkServlet.doPost(FrameworkServlet.java:909)\r\n	at javax.servlet.http.HttpServlet.service(HttpServlet.java:660)\r\n	at org.springframework.web.servlet.FrameworkServlet.service(FrameworkServlet.java:883)\r\n	at javax.servlet.http.HttpServlet.service(HttpServlet.java:741)\r\n	at org.apache.catalina.core.ApplicationFilterChain.internalDoFilter(ApplicationFilterChain.java:231)\r\n	at org.apache.catalina.core.ApplicationFilterChain.doFilter(ApplicationFilterChain.java:166)\r\n	at org.apache.tomcat.websocket.server.WsFilter.doFilter(WsFilter.java:53)\r\n	at org.apache.catalina.core.ApplicationFilterChain.internalDoFilter(ApplicationFilterChain.java:193)\r\n	at org.apache.catalina.core.ApplicationFilterChain.doFilter(ApplicationFilterChain.java:166)\r\n	at org.springframework.web.filter.OncePerRequestFilter.doFilter(OncePerRequestFilter.java:113)\r\n	at org.apache.catalina.core.ApplicationFilterChain.internalDoFilter(ApplicationFilterChain.java:193)\r\n	at org.apache.catalina.core.ApplicationFilterChain.doFilter(ApplicationFilterChain.java:166)\r\n	at JwtAuthenticationTokenFilter.doFilterInternal(JwtAuthenticationTokenFilter.java:60)\r\n	at org.springframework.web.filter.OncePerRequestFilter.doFilter(OncePerRequestFilter.java:119)\r\n	at org.apache.catalina.core.ApplicationFilterChain.internalDoFilter(ApplicationFilterChain.java:193)\r\n	at org.apache.catalina.core.ApplicationFilterChain.doFilter(ApplicationFilterChain.java:166)\r\n	at org.springframework.security.web.FilterChainProxy$VirtualFilterChain.doFilter(FilterChainProxy.java:320)\r\n	at org.springframework.security.web.access.intercept.FilterSecurityInterceptor.invoke(FilterSecurityInterceptor.java:126)\r\n	at org.springframework.security.web.access.intercept.FilterSecurityInterceptor.doFilter(FilterSecurityInterceptor.java:90)\r\n	at org.springframework.security.web.FilterChainProxy$VirtualFilterChain.doFilter(FilterChainProxy.java:334)\r\n	at org.springframework.security.web.access.ExceptionTranslationFilter.doFilter(ExceptionTranslationFilter.java:118)\r\n	at org.springframework.security.web.FilterChainProxy$VirtualFilterChain.doFilter(FilterChainProxy.java:334)\r\n	at org.springframework.security.web.session.SessionManagementFilter.doFilter(SessionManagementFilter.java:137)\r\n	at org.springframework.security.web.FilterChainProxy$VirtualFilterChain.doFilter(FilterChainProxy.java:334)\r\n	at org.springframework.security.web.authentication.AnonymousAuthenticationFilter.doFilter(AnonymousAuthenticationFilter.java:111)\r\n	at org.springframework.security.web.FilterChainProxy$VirtualFilterChain.doFilter(FilterChainProxy.java:334)\r\n	at org.springframework.security.web.authentication.rememberme.RememberMeAuthenticationFilter.doFilter(RememberMeAuthenticationFilter.java:158)\r\n	at org.springframework.security.web.FilterChainProxy$VirtualFilterChain.doFilter(FilterChainProxy.java:334)\r\n	at org.springframework.security.web.servletapi.SecurityContextHolderAwareRequestFilter.doFilter(SecurityContextHolderAwareRequestFilter.java:158)\r\n	at org.springframework.security.web.FilterChainProxy$VirtualFilterChain.doFilter(FilterChainProxy.java:334)\r\n	at org.springframework.security.web.savedrequest.RequestCacheAwareFilter.doFilter(RequestCacheAwareFilter.java:63)\r\n	at org.springframework.security.web.FilterChainProxy$VirtualFilterChain.doFilter(FilterChainProxy.java:334)\r\n	at org.springframework.security.web.authentication.www.BasicAuthenticationFilter.doFilterInternal(BasicAuthenticationFilter.java:155)\r\n	at org.springframework.web.filter.OncePerRequestFilter.doFilter(OncePerRequestFilter.java:119)\r\n	at org.springframework.security.web.FilterChainProxy$VirtualFilterChain.doFilter(FilterChainProxy.java:334)\r\n	at org.springframework.security.web.authentication.AbstractAuthenticationProcessingFilter.doFilter(AbstractAuthenticationProcessingFilter.java:200)\r\n	at org.springframework.security.web.FilterChainProxy$VirtualFilterChain.doFilter(FilterChainProxy.java:334)\r\n	at VerifyCodeFilter.doFilterInternal(VerifyCodeFilter.java:51)\r\n	at org.springframework.web.filter.OncePerRequestFilter.doFilter(OncePerRequestFilter.java:119)\r\n	at org.springframework.security.web.FilterChainProxy$VirtualFilterChain.doFilter(FilterChainProxy.java:334)\r\n	at org.springframework.security.web.authentication.logout.LogoutFilter.doFilter(LogoutFilter.java:116)\r\n	at org.springframework.security.web.FilterChainProxy$VirtualFilterChain.doFilter(FilterChainProxy.java:334)\r\n	at org.springframework.security.web.header.HeaderWriterFilter.doHeadersAfter(HeaderWriterFilter.java:92)\r\n	at org.springframework.security.web.header.HeaderWriterFilter.doFilterInternal(HeaderWriterFilter.java:77)\r\n	at org.springframework.web.filter.OncePerRequestFilter.doFilter(OncePerRequestFilter.java:119)\r\n	at org.springframework.security.web.FilterChainProxy$VirtualFilterChain.doFilter(FilterChainProxy.java:334)\r\n	at org.springframework.security.web.context.SecurityContextPersistenceFilter.doFilter(SecurityContextPersistenceFilter.java:105)\r\n	at org.springframework.security.web.FilterChainProxy$VirtualFilterChain.doFilter(FilterChainProxy.java:334)\r\n	at org.springframework.security.web.context.request.async.WebAsyncManagerIntegrationFilter.doFilterInternal(WebAsyncManagerIntegrationFilter.java:56)\r\n	at org.springframework.web.filter.OncePerRequestFilter.doFilter(OncePerRequestFilter.java:119)\r\n	at org.springframework.security.web.FilterChainProxy$VirtualFilterChain.doFilter(FilterChainProxy.java:334)\r\n	at org.springframework.security.web.FilterChainProxy.doFilterInternal(FilterChainProxy.java:215)\r\n	at org.springframework.security.web.FilterChainProxy.doFilter(FilterChainProxy.java:178)\r\n	at org.springframework.web.filter.DelegatingFilterProxy.invokeDelegate(DelegatingFilterProxy.java:358)\r\n	at org.springframework.web.filter.DelegatingFilterProxy.doFilter(DelegatingFilterProxy.java:271)\r\n	at org.apache.catalina.core.ApplicationFilterChain.internalDoFilter(ApplicationFilterChain.java:193)\r\n	at org.apache.catalina.core.ApplicationFilterChain.doFilter(ApplicationFilterChain.java:166)\r\n	at org.springframework.web.filter.RequestContextFilter.doFilterInternal(RequestContextFilter.java:100)\r\n	at org.springframework.web.filter.OncePerRequestFilter.doFilter(OncePerRequestFilter.java:119)\r\n	at org.apache.catalina.core.ApplicationFilterChain.internalDoFilter(ApplicationFilterChain.java:193)\r\n	at org.apache.catalina.core.ApplicationFilterChain.doFilter(ApplicationFilterChain.java:166)\r\n	at org.springframework.web.filter.FormContentFilter.doFilterInternal(FormContentFilter.java:93)\r\n	at org.springframework.web.filter.OncePerRequestFilter.doFilter(OncePerRequestFilter.java:119)\r\n	at org.apache.catalina.core.ApplicationFilterChain.internalDoFilter(ApplicationFilterChain.java:193)\r\n	at org.apache.catalina.core.ApplicationFilterChain.doFilter(ApplicationFilterChain.java:166)\r\n	at org.springframework.web.filter.CharacterEncodingFilter.doFilterInternal(CharacterEncodingFilter.java:201)\r\n	at org.springframework.web.filter.OncePerRequestFilter.doFilter(OncePerRequestFilter.java:119)\r\n	at org.apache.catalina.core.ApplicationFilterChain.internalDoFilter(ApplicationFilterChain.java:193)\r\n	at org.apache.catalina.core.ApplicationFilterChain.doFilter(ApplicationFilterChain.java:166)\r\n	at org.apache.catalina.core.StandardWrapperValve.invoke(StandardWrapperValve.java:202)\r\n	at org.apache.catalina.core.StandardContextValve.__invoke(StandardContextValve.java:96)\r\n	at org.apache.catalina.core.StandardContextValve.invoke(StandardContextValve.java:41002)\r\n	at org.apache.catalina.authenticator.AuthenticatorBase.invoke(AuthenticatorBase.java:541)\r\n	at org.apache.catalina.core.StandardHostValve.invoke(StandardHostValve.java:139)\r\n	at org.apache.catalina.valves.ErrorReportValve.invoke(ErrorReportValve.java:92)\r\n	at org.apache.catalina.core.StandardEngineValve.invoke(StandardEngineValve.java:74)\r\n	at org.apache.catalina.connector.CoyoteAdapter.service(CoyoteAdapter.java:343)\r\n	at org.apache.coyote.http11.Http11Processor.service(Http11Processor.java:373)\r\n	at org.apache.coyote.AbstractProcessorLight.process(AbstractProcessorLight.java:65)\r\n	at org.apache.coyote.AbstractProtocol$ConnectionHandler.process(AbstractProtocol.java:868)\r\n	at org.apache.tomcat.util.net.NioEndpoint$SocketProcessor.doRun(NioEndpoint.java:1590)\r\n	at org.apache.tomcat.util.net.SocketProcessorBase.run(SocketProcessorBase.java:49)\r\n	at java.util.concurrent.ThreadPoolExecutor.runWorker(ThreadPoolExecutor.java:1149)\r\n	at java.util.concurrent.ThreadPoolExecutor$Worker.run(ThreadPoolExecutor.java:624)\r\n	at org.apache.tomcat.util.threads.TaskThread$WrappingRunnable.run(TaskThread.java:61)\r\n	at java.lang.Thread.run(Thread.java:748)\r\nCaused by: java.sql.SQLIntegrityConstraintViolationException: Column \'dict_id\' cannot be null\r\n	at com.mysql.cj.jdbc.exceptions.SQLError.createSQLException(SQLError.java:117)\r\n	at com.mysql.cj.jdbc.exceptions.SQLError.createSQLException(SQLError.java:97)\r\n	at com.mysql.cj.jdbc.exceptions.SQLExceptionsMapping.translateException(SQLExceptionsMapping.java:122)\r\n	at com.mysql.cj.jdbc.ClientPreparedStatement.executeInternal(ClientPreparedStatement.java:953)\r\n	at com.mysql.cj.jdbc.ClientPreparedStatement.execute(ClientPreparedStatement.java:370)\r\n	at com.alibaba.druid.filter.FilterChainImpl.preparedStatement_execute(FilterChainImpl.java:3461)\r\n	at com.alibaba.druid.filter.FilterEventAdapter.preparedStatement_execute(FilterEventAdapter.java:440)\r\n	at com.alibaba.druid.filter.FilterChainImpl.preparedStatement_execute(FilterChainImpl.java:3459)\r\n	at com.alibaba.druid.proxy.jdbc.PreparedStatementProxyImpl.execute(PreparedStatementProxyImpl.java:167)\r\n	at com.alibaba.druid.pool.DruidPooledPreparedStatement.execute(DruidPooledPreparedStatement.java:497)\r\n	at org.apache.ibatis.executor.statement.PreparedStatementHandler.update(PreparedStatementHandler.java:47)\r\n	at org.apache.ibatis.executor.statement.RoutingStatementHandler.update(RoutingStatementHandler.java:74)\r\n	at org.apache.ibatis.executor.SimpleExecutor.doUpdate(SimpleExecutor.java:50)\r\n	at org.apache.ibatis.executor.BaseExecutor.update(BaseExecutor.java:117)\r\n	at org.apache.ibatis.executor.CachingExecutor.update(CachingExecutor.java:76)\r\n	at sun.reflect.NativeMethodAccessorImpl.invoke0(Native Method)\r\n	at sun.reflect.NativeMethodAccessorImpl.invoke(NativeMethodAccessorImpl.java:62)\r\n	at sun.reflect.DelegatingMethodAccessorImpl.invoke(DelegatingMethodAccessorImpl.java:43)\r\n	at java.lang.reflect.Method.invoke(Method.java:498)\r\n	at org.apache.ibatis.plugin.Plugin.invoke(Plugin.java:63)\r\n	at com.sun.proxy.$Proxy153.update(Unknown Source)\r\n	at org.apache.ibatis.session.defaults.DefaultSqlSession.update(DefaultSqlSession.java:197)\r\n	at org.apache.ibatis.session.defaults.DefaultSqlSession.insert(DefaultSqlSession.java:184)\r\n	at sun.reflect.NativeMethodAccessorImpl.invoke0(Native Method)\r\n	at sun.reflect.NativeMethodAccessorImpl.invoke(NativeMethodAccessorImpl.java:62)\r\n	at sun.reflect.DelegatingMethodAccessorImpl.invoke(DelegatingMethodAccessorImpl.java:43)\r\n	at java.lang.reflect.Method.invoke(Method.java:498)\r\n	at org.mybatis.spring.SqlSessionTemplate$SqlSessionInterceptor.invoke(SqlSessionTemplate.java:426)\r\n	... 134 more\r\n');
INSERT INTO `my_log` VALUES ('2735', 'admin', '192.168.31.244', '添加字典', '{ myDict: MyDict(dictId=null, dictName=测试1, description=1, sort=1, createBy=null, updateBy=null) }', 'Chrome 8', '5', 'INFO', 'DictController.saveJob()', '2020-11-07 17:57:29', null);
INSERT INTO `my_log` VALUES ('2736', 'admin', '192.168.31.244', '查询字典列表', '{ pageTableRequest: PageTableRequest(page=1, limit=10, offset=0) myDict: MyDict(dictId=null, dictName=null, description=null, sort=null, createBy=null, updateBy=null) }', 'Chrome 8', '7', 'INFO', 'DictController.getJobAll()', '2020-11-07 17:57:33', null);
INSERT INTO `my_log` VALUES ('2737', 'admin', '192.168.31.244', '查询字典列表', '{ pageTableRequest: PageTableRequest(page=1, limit=10, offset=0) myDict: MyDict(dictId=null, dictName=null, description=null, sort=null, createBy=null, updateBy=null) }', 'Chrome 8', '29', 'INFO', 'DictController.getDictAll()', '2020-11-07 18:44:01', null);
INSERT INTO `my_log` VALUES ('2738', 'admin', '192.168.31.244', '查询字典列表', '{ pageTableRequest: PageTableRequest(page=1, limit=10, offset=0) myDict: MyDict(dictId=null, dictName=null, description=null, sort=null, createBy=null, updateBy=null) }', 'Chrome 8', '30', 'INFO', 'DictController.getDictAll()', '2020-11-07 18:44:59', null);
INSERT INTO `my_log` VALUES ('2739', 'admin', '192.168.31.244', '查询字典列表', '{ pageTableRequest: PageTableRequest(page=1, limit=10, offset=0) myDict: MyDict(dictId=null, dictName=null, description=null, sort=null, createBy=null, updateBy=null) }', 'Chrome 8', '29', 'INFO', 'DictController.getDictAll()', '2020-11-07 18:46:27', null);
INSERT INTO `my_log` VALUES ('2740', 'admin', '192.168.31.244', '查询字典列表', '{ pageTableRequest: PageTableRequest(page=1, limit=10, offset=0) myDict: MyDict(dictId=null, dictName=null, description=null, sort=null, createBy=null, updateBy=null) }', 'Chrome 8', '159', 'INFO', 'DictController.getDictAll()', '2020-11-07 18:47:37', null);
INSERT INTO `my_log` VALUES ('2741', 'admin', '192.168.31.244', '查询字典列表', '{ pageTableRequest: PageTableRequest(page=1, limit=10, offset=0) myDict: MyDict(dictId=null, dictName=null, description=null, sort=null, createBy=null, updateBy=null) }', 'Chrome 8', '30', 'INFO', 'DictController.getDictAll()', '2020-11-07 18:50:16', null);
INSERT INTO `my_log` VALUES ('2742', 'admin', '192.168.31.244', '添加字典', '{ myDict: MyDict(dictId=null, dictName=测试1, description=2, sort=1, createBy=null, updateBy=null) }', 'Chrome 8', '5', 'INFO', 'DictController.saveDict()', '2020-11-07 18:50:22', null);
INSERT INTO `my_log` VALUES ('2743', 'admin', '192.168.31.244', '添加字典', '{ myDict: MyDict(dictId=null, dictName=测试2, description=1, sort=1, createBy=null, updateBy=null) }', 'Chrome 8', '5', 'INFO', 'DictController.saveDict()', '2020-11-07 18:50:52', null);
INSERT INTO `my_log` VALUES ('2744', 'admin', '192.168.31.244', '查询字典列表', '{ pageTableRequest: PageTableRequest(page=1, limit=10, offset=0) myDict: MyDict(dictId=null, dictName=null, description=null, sort=null, createBy=null, updateBy=null) }', 'Chrome 8', '8', 'INFO', 'DictController.getDictAll()', '2020-11-07 18:50:54', null);
INSERT INTO `my_log` VALUES ('2745', 'admin', '192.168.31.244', '查询字典列表', '{ pageTableRequest: PageTableRequest(page=1, limit=10, offset=0) myDict: MyDict(dictId=null, dictName=null, description=null, sort=null, createBy=null, updateBy=null) }', 'Chrome 8', '28', 'INFO', 'DictController.getDictAll()', '2020-11-07 18:51:53', null);
INSERT INTO `my_log` VALUES ('2746', 'admin', '192.168.31.244', '查询角色', '{ request: PageTableRequest(page=1, limit=10, offset=0) myRole: MyRole(roleId=null, roleName=null, dataScope=null, description=null) }', 'Chrome 8', '18', 'INFO', 'RoleController.roleList()', '2020-11-07 18:52:09', null);
INSERT INTO `my_log` VALUES ('2747', 'admin', '192.168.31.244', '通过id绘制菜单树', '{ roleId: 1 }', 'Chrome 8', '17', 'INFO', 'MenuController.buildMenuAllByRoleId()', '2020-11-07 18:52:12', null);
INSERT INTO `my_log` VALUES ('2748', 'admin', '192.168.31.244', '查询字典列表', '{ pageTableRequest: PageTableRequest(page=1, limit=10, offset=0) myDict: MyDict(dictId=null, dictName=null, description=null, sort=null, createBy=null, updateBy=null) }', 'Chrome 8', '29', 'INFO', 'DictController.getDictAll()', '2020-11-07 18:58:44', null);
INSERT INTO `my_log` VALUES ('2749', 'admin', '192.168.31.244', '查询岗位', '{ pageTableRequest: PageTableRequest(page=1, limit=10, offset=0) jobQueryDto: JobQueryDto(queryName=null, queryStatus=null) }', 'Chrome 8', '7', 'INFO', 'JobController.getJobAll()', '2020-11-07 18:59:40', null);
INSERT INTO `my_log` VALUES ('2750', 'admin', '192.168.31.244', '查询字典列表', '{ pageTableRequest: PageTableRequest(page=1, limit=10, offset=0) myDict: MyDict(dictId=null, dictName=null, description=null, sort=null, createBy=null, updateBy=null) }', 'Chrome 8', '162', 'INFO', 'DictController.getDictAll()', '2020-11-07 19:05:32', null);
INSERT INTO `my_log` VALUES ('2751', 'admin', '192.168.31.244', '查询字典列表', '{ pageTableRequest: PageTableRequest(page=1, limit=10, offset=0) myDict: MyDict(dictId=null, dictName=null, description=null, sort=null, createBy=null, updateBy=null) }', 'Chrome 8', '6', 'INFO', 'DictController.getDictAll()', '2020-11-07 19:05:40', null);
INSERT INTO `my_log` VALUES ('2752', 'admin', '192.168.31.244', '查询字典列表', '{ pageTableRequest: PageTableRequest(page=1, limit=10, offset=0) myDict: MyDict(dictId=null, dictName=null, description=null, sort=null, createBy=null, updateBy=null) }', 'Chrome 8', '5', 'INFO', 'DictController.getDictAll()', '2020-11-07 19:05:43', null);
INSERT INTO `my_log` VALUES ('2753', 'admin', '192.168.31.244', '查询字典列表', '{ pageTableRequest: PageTableRequest(page=1, limit=10, offset=0) myDict: MyDict(dictId=null, dictName=null, description=null, sort=null, createBy=null, updateBy=null) }', 'Chrome 8', '32', 'INFO', 'DictController.getDictAll()', '2020-11-07 19:46:50', null);
INSERT INTO `my_log` VALUES ('2754', 'admin', '192.168.31.244', '查询字典列表', '{ pageTableRequest: PageTableRequest(page=1, limit=10, offset=0) myDict: MyDict(dictId=null, dictName=null, description=null, sort=null, createBy=null, updateBy=null) }', 'Chrome 8', '29', 'INFO', 'DictController.getDictAll()', '2020-11-07 19:57:43', null);
INSERT INTO `my_log` VALUES ('2755', 'admin', '192.168.31.244', '添加字典详情', '{ myDictDetail: MyDictDetail(Id=null, dictId=1, label=中性别, value=0, sort=3, createBy=null, updateBy=null) }', 'Chrome 8', '61', 'ERROR', 'DictDetailController.saveDictDetail()', '2020-11-07 19:58:25', 'org.springframework.dao.DataIntegrityViolationException: \r\n### Error updating database.  Cause: java.sql.SQLException: Field \'id\' doesn\'t have a default value\r\n### The error may exist in com/codermy/myspringsecurityplus/admin/dao/DictDetailDao.java (best guess)\r\n### The error may involve DictDetailDao.insertDictDetail-Inline\r\n### The error occurred while setting parameters\r\n### SQL: INSERT INTO my_dict_detail(dict_id,label,value, sort,create_time, update_time)values(?,?,?,?, now(), now())\r\n### Cause: java.sql.SQLException: Field \'id\' doesn\'t have a default value\n; Field \'id\' doesn\'t have a default value; nested exception is java.sql.SQLException: Field \'id\' doesn\'t have a default value\r\n	at org.springframework.jdbc.support.SQLErrorCodeSQLExceptionTranslator.doTranslate(SQLErrorCodeSQLExceptionTranslator.java:247)\r\n	at org.springframework.jdbc.support.AbstractFallbackSQLExceptionTranslator.translate(AbstractFallbackSQLExceptionTranslator.java:72)\r\n	at org.mybatis.spring.MyBatisExceptionTranslator.translateExceptionIfPossible(MyBatisExceptionTranslator.java:88)\r\n	at org.mybatis.spring.SqlSessionTemplate$SqlSessionInterceptor.invoke(SqlSessionTemplate.java:440)\r\n	at com.sun.proxy.$Proxy99.insert(Unknown Source)\r\n	at org.mybatis.spring.SqlSessionTemplate.insert(SqlSessionTemplate.java:271)\r\n	at org.apache.ibatis.binding.MapperMethod.execute(MapperMethod.java:62)\r\n	at org.apache.ibatis.binding.MapperProxy$PlainMethodInvoker.invoke(MapperProxy.java:144)\r\n	at org.apache.ibatis.binding.MapperProxy.invoke(MapperProxy.java:85)\r\n	at com.sun.proxy.$Proxy116.insertDictDetail(Unknown Source)\r\n	at DictDetailServiceImpl.insertDictDetail(DictDetailServiceImpl.java:42)\r\n	at DictDetailController.saveDictDetail(DictDetailController.java:52)\r\n	at DictDetailController$$FastClassBySpringCGLIB$$1.invoke(<generated>)\r\n	at org.springframework.cglib.proxy.MethodProxy.invoke(MethodProxy.java:218)\r\n	at org.springframework.aop.framework.CglibAopProxy$CglibMethodInvocation.invokeJoinpoint(CglibAopProxy.java:771)\r\n	at org.springframework.aop.framework.ReflectiveMethodInvocation.proceed(ReflectiveMethodInvocation.java:163)\r\n	at org.springframework.aop.framework.CglibAopProxy$CglibMethodInvocation.proceed(CglibAopProxy.java:749)\r\n	at org.springframework.aop.aspectj.AspectJAfterThrowingAdvice.invoke(AspectJAfterThrowingAdvice.java:62)\r\n	at org.springframework.aop.framework.ReflectiveMethodInvocation.proceed(ReflectiveMethodInvocation.java:175)\r\n	at org.springframework.aop.framework.CglibAopProxy$CglibMethodInvocation.proceed(CglibAopProxy.java:749)\r\n	at org.springframework.aop.aspectj.MethodInvocationProceedingJoinPoint.proceed(MethodInvocationProceedingJoinPoint.java:88)\r\n	at LogAspect.saveSysLog(LogAspect.java:46)\r\n	at sun.reflect.NativeMethodAccessorImpl.invoke0(Native Method)\r\n	at sun.reflect.NativeMethodAccessorImpl.invoke(NativeMethodAccessorImpl.java:62)\r\n	at sun.reflect.DelegatingMethodAccessorImpl.invoke(DelegatingMethodAccessorImpl.java:43)\r\n	at java.lang.reflect.Method.invoke(Method.java:498)\r\n	at org.springframework.aop.aspectj.AbstractAspectJAdvice.invokeAdviceMethodWithGivenArgs(AbstractAspectJAdvice.java:644)\r\n	at org.springframework.aop.aspectj.AbstractAspectJAdvice.invokeAdviceMethod(AbstractAspectJAdvice.java:633)\r\n	at org.springframework.aop.aspectj.AspectJAroundAdvice.invoke(AspectJAroundAdvice.java:70)\r\n	at org.springframework.aop.framework.ReflectiveMethodInvocation.proceed(ReflectiveMethodInvocation.java:175)\r\n	at org.springframework.aop.framework.CglibAopProxy$CglibMethodInvocation.proceed(CglibAopProxy.java:749)\r\n	at org.springframework.security.access.intercept.aopalliance.MethodSecurityInterceptor.invoke(MethodSecurityInterceptor.java:69)\r\n	at org.springframework.aop.framework.ReflectiveMethodInvocation.proceed(ReflectiveMethodInvocation.java:186)\r\n	at org.springframework.aop.framework.CglibAopProxy$CglibMethodInvocation.proceed(CglibAopProxy.java:749)\r\n	at org.springframework.aop.interceptor.ExposeInvocationInterceptor.invoke(ExposeInvocationInterceptor.java:95)\r\n	at org.springframework.aop.framework.ReflectiveMethodInvocation.proceed(ReflectiveMethodInvocation.java:186)\r\n	at org.springframework.aop.framework.CglibAopProxy$CglibMethodInvocation.proceed(CglibAopProxy.java:749)\r\n	at org.springframework.aop.framework.CglibAopProxy$DynamicAdvisedInterceptor.intercept(CglibAopProxy.java:691)\r\n	at DictDetailController$$EnhancerBySpringCGLIB$$1.saveDictDetail(<generated>)\r\n	at sun.reflect.NativeMethodAccessorImpl.invoke0(Native Method)\r\n	at sun.reflect.NativeMethodAccessorImpl.invoke(NativeMethodAccessorImpl.java:62)\r\n	at sun.reflect.DelegatingMethodAccessorImpl.invoke(DelegatingMethodAccessorImpl.java:43)\r\n	at java.lang.reflect.Method.invoke(Method.java:498)\r\n	at org.springframework.web.method.support.InvocableHandlerMethod.doInvoke(InvocableHandlerMethod.java:190)\r\n	at org.springframework.web.method.support.InvocableHandlerMethod.invokeForRequest(InvocableHandlerMethod.java:138)\r\n	at org.springframework.web.servlet.mvc.method.annotation.ServletInvocableHandlerMethod.invokeAndHandle(ServletInvocableHandlerMethod.java:105)\r\n	at org.springframework.web.servlet.mvc.method.annotation.RequestMappingHandlerAdapter.invokeHandlerMethod(RequestMappingHandlerAdapter.java:879)\r\n	at org.springframework.web.servlet.mvc.method.annotation.RequestMappingHandlerAdapter.handleInternal(RequestMappingHandlerAdapter.java:793)\r\n	at org.springframework.web.servlet.mvc.method.AbstractHandlerMethodAdapter.handle(AbstractHandlerMethodAdapter.java:87)\r\n	at org.springframework.web.servlet.DispatcherServlet.doDispatch(DispatcherServlet.java:1040)\r\n	at org.springframework.web.servlet.DispatcherServlet.doService(DispatcherServlet.java:943)\r\n	at org.springframework.web.servlet.FrameworkServlet.processRequest(FrameworkServlet.java:1006)\r\n	at org.springframework.web.servlet.FrameworkServlet.doPost(FrameworkServlet.java:909)\r\n	at javax.servlet.http.HttpServlet.service(HttpServlet.java:660)\r\n	at org.springframework.web.servlet.FrameworkServlet.service(FrameworkServlet.java:883)\r\n	at javax.servlet.http.HttpServlet.service(HttpServlet.java:741)\r\n	at org.apache.catalina.core.ApplicationFilterChain.internalDoFilter(ApplicationFilterChain.java:231)\r\n	at org.apache.catalina.core.ApplicationFilterChain.doFilter(ApplicationFilterChain.java:166)\r\n	at org.apache.tomcat.websocket.server.WsFilter.doFilter(WsFilter.java:53)\r\n	at org.apache.catalina.core.ApplicationFilterChain.internalDoFilter(ApplicationFilterChain.java:193)\r\n	at org.apache.catalina.core.ApplicationFilterChain.doFilter(ApplicationFilterChain.java:166)\r\n	at org.springframework.web.filter.OncePerRequestFilter.doFilter(OncePerRequestFilter.java:113)\r\n	at org.apache.catalina.core.ApplicationFilterChain.internalDoFilter(ApplicationFilterChain.java:193)\r\n	at org.apache.catalina.core.ApplicationFilterChain.doFilter(ApplicationFilterChain.java:166)\r\n	at JwtAuthenticationTokenFilter.doFilterInternal(JwtAuthenticationTokenFilter.java:60)\r\n	at org.springframework.web.filter.OncePerRequestFilter.doFilter(OncePerRequestFilter.java:119)\r\n	at org.apache.catalina.core.ApplicationFilterChain.internalDoFilter(ApplicationFilterChain.java:193)\r\n	at org.apache.catalina.core.ApplicationFilterChain.doFilter(ApplicationFilterChain.java:166)\r\n	at org.springframework.security.web.FilterChainProxy$VirtualFilterChain.doFilter(FilterChainProxy.java:320)\r\n	at org.springframework.security.web.access.intercept.FilterSecurityInterceptor.invoke(FilterSecurityInterceptor.java:126)\r\n	at org.springframework.security.web.access.intercept.FilterSecurityInterceptor.doFilter(FilterSecurityInterceptor.java:90)\r\n	at org.springframework.security.web.FilterChainProxy$VirtualFilterChain.doFilter(FilterChainProxy.java:334)\r\n	at org.springframework.security.web.access.ExceptionTranslationFilter.doFilter(ExceptionTranslationFilter.java:118)\r\n	at org.springframework.security.web.FilterChainProxy$VirtualFilterChain.doFilter(FilterChainProxy.java:334)\r\n	at org.springframework.security.web.session.SessionManagementFilter.doFilter(SessionManagementFilter.java:137)\r\n	at org.springframework.security.web.FilterChainProxy$VirtualFilterChain.doFilter(FilterChainProxy.java:334)\r\n	at org.springframework.security.web.authentication.AnonymousAuthenticationFilter.doFilter(AnonymousAuthenticationFilter.java:111)\r\n	at org.springframework.security.web.FilterChainProxy$VirtualFilterChain.doFilter(FilterChainProxy.java:334)\r\n	at org.springframework.security.web.authentication.rememberme.RememberMeAuthenticationFilter.doFilter(RememberMeAuthenticationFilter.java:158)\r\n	at org.springframework.security.web.FilterChainProxy$VirtualFilterChain.doFilter(FilterChainProxy.java:334)\r\n	at org.springframework.security.web.servletapi.SecurityContextHolderAwareRequestFilter.doFilter(SecurityContextHolderAwareRequestFilter.java:158)\r\n	at org.springframework.security.web.FilterChainProxy$VirtualFilterChain.doFilter(FilterChainProxy.java:334)\r\n	at org.springframework.security.web.savedrequest.RequestCacheAwareFilter.doFilter(RequestCacheAwareFilter.java:63)\r\n	at org.springframework.security.web.FilterChainProxy$VirtualFilterChain.doFilter(FilterChainProxy.java:334)\r\n	at org.springframework.security.web.authentication.www.BasicAuthenticationFilter.doFilterInternal(BasicAuthenticationFilter.java:155)\r\n	at org.springframework.web.filter.OncePerRequestFilter.doFilter(OncePerRequestFilter.java:119)\r\n	at org.springframework.security.web.FilterChainProxy$VirtualFilterChain.doFilter(FilterChainProxy.java:334)\r\n	at org.springframework.security.web.authentication.AbstractAuthenticationProcessingFilter.doFilter(AbstractAuthenticationProcessingFilter.java:200)\r\n	at org.springframework.security.web.FilterChainProxy$VirtualFilterChain.doFilter(FilterChainProxy.java:334)\r\n	at VerifyCodeFilter.doFilterInternal(VerifyCodeFilter.java:51)\r\n	at org.springframework.web.filter.OncePerRequestFilter.doFilter(OncePerRequestFilter.java:119)\r\n	at org.springframework.security.web.FilterChainProxy$VirtualFilterChain.doFilter(FilterChainProxy.java:334)\r\n	at org.springframework.security.web.authentication.logout.LogoutFilter.doFilter(LogoutFilter.java:116)\r\n	at org.springframework.security.web.FilterChainProxy$VirtualFilterChain.doFilter(FilterChainProxy.java:334)\r\n	at org.springframework.security.web.header.HeaderWriterFilter.doHeadersAfter(HeaderWriterFilter.java:92)\r\n	at org.springframework.security.web.header.HeaderWriterFilter.doFilterInternal(HeaderWriterFilter.java:77)\r\n	at org.springframework.web.filter.OncePerRequestFilter.doFilter(OncePerRequestFilter.java:119)\r\n	at org.springframework.security.web.FilterChainProxy$VirtualFilterChain.doFilter(FilterChainProxy.java:334)\r\n	at org.springframework.security.web.context.SecurityContextPersistenceFilter.doFilter(SecurityContextPersistenceFilter.java:105)\r\n	at org.springframework.security.web.FilterChainProxy$VirtualFilterChain.doFilter(FilterChainProxy.java:334)\r\n	at org.springframework.security.web.context.request.async.WebAsyncManagerIntegrationFilter.doFilterInternal(WebAsyncManagerIntegrationFilter.java:56)\r\n	at org.springframework.web.filter.OncePerRequestFilter.doFilter(OncePerRequestFilter.java:119)\r\n	at org.springframework.security.web.FilterChainProxy$VirtualFilterChain.doFilter(FilterChainProxy.java:334)\r\n	at org.springframework.security.web.FilterChainProxy.doFilterInternal(FilterChainProxy.java:215)\r\n	at org.springframework.security.web.FilterChainProxy.doFilter(FilterChainProxy.java:178)\r\n	at org.springframework.web.filter.DelegatingFilterProxy.invokeDelegate(DelegatingFilterProxy.java:358)\r\n	at org.springframework.web.filter.DelegatingFilterProxy.doFilter(DelegatingFilterProxy.java:271)\r\n	at org.apache.catalina.core.ApplicationFilterChain.internalDoFilter(ApplicationFilterChain.java:193)\r\n	at org.apache.catalina.core.ApplicationFilterChain.doFilter(ApplicationFilterChain.java:166)\r\n	at org.springframework.web.filter.RequestContextFilter.doFilterInternal(RequestContextFilter.java:100)\r\n	at org.springframework.web.filter.OncePerRequestFilter.doFilter(OncePerRequestFilter.java:119)\r\n	at org.apache.catalina.core.ApplicationFilterChain.internalDoFilter(ApplicationFilterChain.java:193)\r\n	at org.apache.catalina.core.ApplicationFilterChain.doFilter(ApplicationFilterChain.java:166)\r\n	at org.springframework.web.filter.FormContentFilter.doFilterInternal(FormContentFilter.java:93)\r\n	at org.springframework.web.filter.OncePerRequestFilter.doFilter(OncePerRequestFilter.java:119)\r\n	at org.apache.catalina.core.ApplicationFilterChain.internalDoFilter(ApplicationFilterChain.java:193)\r\n	at org.apache.catalina.core.ApplicationFilterChain.doFilter(ApplicationFilterChain.java:166)\r\n	at org.springframework.web.filter.CharacterEncodingFilter.doFilterInternal(CharacterEncodingFilter.java:201)\r\n	at org.springframework.web.filter.OncePerRequestFilter.doFilter(OncePerRequestFilter.java:119)\r\n	at org.apache.catalina.core.ApplicationFilterChain.internalDoFilter(ApplicationFilterChain.java:193)\r\n	at org.apache.catalina.core.ApplicationFilterChain.doFilter(ApplicationFilterChain.java:166)\r\n	at org.apache.catalina.core.StandardWrapperValve.invoke(StandardWrapperValve.java:202)\r\n	at org.apache.catalina.core.StandardContextValve.__invoke(StandardContextValve.java:96)\r\n	at org.apache.catalina.core.StandardContextValve.invoke(StandardContextValve.java:41002)\r\n	at org.apache.catalina.authenticator.AuthenticatorBase.invoke(AuthenticatorBase.java:541)\r\n	at org.apache.catalina.core.StandardHostValve.invoke(StandardHostValve.java:139)\r\n	at org.apache.catalina.valves.ErrorReportValve.invoke(ErrorReportValve.java:92)\r\n	at org.apache.catalina.core.StandardEngineValve.invoke(StandardEngineValve.java:74)\r\n	at org.apache.catalina.connector.CoyoteAdapter.service(CoyoteAdapter.java:343)\r\n	at org.apache.coyote.http11.Http11Processor.service(Http11Processor.java:373)\r\n	at org.apache.coyote.AbstractProcessorLight.process(AbstractProcessorLight.java:65)\r\n	at org.apache.coyote.AbstractProtocol$ConnectionHandler.process(AbstractProtocol.java:868)\r\n	at org.apache.tomcat.util.net.NioEndpoint$SocketProcessor.doRun(NioEndpoint.java:1590)\r\n	at org.apache.tomcat.util.net.SocketProcessorBase.run(SocketProcessorBase.java:49)\r\n	at java.util.concurrent.ThreadPoolExecutor.runWorker(ThreadPoolExecutor.java:1149)\r\n	at java.util.concurrent.ThreadPoolExecutor$Worker.run(ThreadPoolExecutor.java:624)\r\n	at org.apache.tomcat.util.threads.TaskThread$WrappingRunnable.run(TaskThread.java:61)\r\n	at java.lang.Thread.run(Thread.java:748)\r\nCaused by: java.sql.SQLException: Field \'id\' doesn\'t have a default value\r\n	at com.mysql.cj.jdbc.exceptions.SQLError.createSQLException(SQLError.java:129)\r\n	at com.mysql.cj.jdbc.exceptions.SQLError.createSQLException(SQLError.java:97)\r\n	at com.mysql.cj.jdbc.exceptions.SQLExceptionsMapping.translateException(SQLExceptionsMapping.java:122)\r\n	at com.mysql.cj.jdbc.ClientPreparedStatement.executeInternal(ClientPreparedStatement.java:953)\r\n	at com.mysql.cj.jdbc.ClientPreparedStatement.execute(ClientPreparedStatement.java:370)\r\n	at com.alibaba.druid.filter.FilterChainImpl.preparedStatement_execute(FilterChainImpl.java:3461)\r\n	at com.alibaba.druid.filter.FilterEventAdapter.preparedStatement_execute(FilterEventAdapter.java:440)\r\n	at com.alibaba.druid.filter.FilterChainImpl.preparedStatement_execute(FilterChainImpl.java:3459)\r\n	at com.alibaba.druid.proxy.jdbc.PreparedStatementProxyImpl.execute(PreparedStatementProxyImpl.java:167)\r\n	at com.alibaba.druid.pool.DruidPooledPreparedStatement.execute(DruidPooledPreparedStatement.java:497)\r\n	at org.apache.ibatis.executor.statement.PreparedStatementHandler.update(PreparedStatementHandler.java:47)\r\n	at org.apache.ibatis.executor.statement.RoutingStatementHandler.update(RoutingStatementHandler.java:74)\r\n	at org.apache.ibatis.executor.SimpleExecutor.doUpdate(SimpleExecutor.java:50)\r\n	at org.apache.ibatis.executor.BaseExecutor.update(BaseExecutor.java:117)\r\n	at org.apache.ibatis.executor.CachingExecutor.update(CachingExecutor.java:76)\r\n	at sun.reflect.NativeMethodAccessorImpl.invoke0(Native Method)\r\n	at sun.reflect.NativeMethodAccessorImpl.invoke(NativeMethodAccessorImpl.java:62)\r\n	at sun.reflect.DelegatingMethodAccessorImpl.invoke(DelegatingMethodAccessorImpl.java:43)\r\n	at java.lang.reflect.Method.invoke(Method.java:498)\r\n	at org.apache.ibatis.plugin.Plugin.invoke(Plugin.java:63)\r\n	at com.sun.proxy.$Proxy153.update(Unknown Source)\r\n	at org.apache.ibatis.session.defaults.DefaultSqlSession.update(DefaultSqlSession.java:197)\r\n	at org.apache.ibatis.session.defaults.DefaultSqlSession.insert(DefaultSqlSession.java:184)\r\n	at sun.reflect.NativeMethodAccessorImpl.invoke0(Native Method)\r\n	at sun.reflect.NativeMethodAccessorImpl.invoke(NativeMethodAccessorImpl.java:62)\r\n	at sun.reflect.DelegatingMethodAccessorImpl.invoke(DelegatingMethodAccessorImpl.java:43)\r\n	at java.lang.reflect.Method.invoke(Method.java:498)\r\n	at org.mybatis.spring.SqlSessionTemplate$SqlSessionInterceptor.invoke(SqlSessionTemplate.java:426)\r\n	... 134 more\r\n');
INSERT INTO `my_log` VALUES ('2756', 'admin', '192.168.31.244', '添加字典详情', '{ myDictDetail: MyDictDetail(Id=null, dictId=1, label=中性别, value=0, sort=3, createBy=null, updateBy=null) }', 'Chrome 8', '3', 'INFO', 'DictDetailController.saveDictDetail()', '2020-11-07 19:58:37', null);
INSERT INTO `my_log` VALUES ('2757', 'admin', '192.168.31.244', '查询字典列表', '{ pageTableRequest: PageTableRequest(page=1, limit=10, offset=0) myDict: MyDict(dictId=null, dictName=null, description=null, sort=null, createBy=null, updateBy=null) }', 'Chrome 8', '33', 'INFO', 'DictController.getDictAll()', '2020-11-07 20:04:22', null);
INSERT INTO `my_log` VALUES ('2758', 'admin', '192.168.31.244', '查询岗位', '{ pageTableRequest: PageTableRequest(page=1, limit=10, offset=0) jobQueryDto: JobQueryDto(queryName=null, queryStatus=null) }', 'Chrome 8', '6', 'INFO', 'JobController.getJobAll()', '2020-11-07 20:05:06', null);
INSERT INTO `my_log` VALUES ('2759', 'admin', '192.168.31.244', '查询字典列表', '{ pageTableRequest: PageTableRequest(page=1, limit=10, offset=0) myDict: MyDict(dictId=null, dictName=null, description=null, sort=null, createBy=null, updateBy=null) }', 'Chrome 8', '4', 'INFO', 'DictController.getDictAll()', '2020-11-07 20:05:08', null);
INSERT INTO `my_log` VALUES ('2760', 'admin', '192.168.56.1', '绘制部门树', '{ deptDto: DeptDto(id=null, parentId=null, checkArr=0, title=null) }', 'Chrome 11', '7', 'INFO', 'DeptController.buildDeptAll()', '2023-04-26 10:33:44', null);
INSERT INTO `my_log` VALUES ('2761', 'admin', '192.168.56.1', '查询用户', '{ pageTableRequest: PageTableRequest(page=1, limit=10, offset=0) myUser: MyUser(userId=null, deptId=null, userName=null, password=null, nickName=null, phone=null, email=null, status=null, roleId=null, jobIds=null) }', 'Chrome 11', '15', 'INFO', 'UserController.userList()', '2023-04-26 10:33:44', null);
INSERT INTO `my_log` VALUES ('2762', 'admin', '192.168.56.1', '查询用户', '{ pageTableRequest: PageTableRequest(page=1, limit=10, offset=0) myUser: MyUser(userId=null, deptId=1, userName=null, password=null, nickName=null, phone=null, email=null, status=null, roleId=null, jobIds=null) }', 'Chrome 11', '10', 'INFO', 'UserController.userList()', '2023-04-26 10:33:48', null);
INSERT INTO `my_log` VALUES ('2763', 'admin', '192.168.56.1', '查询用户', '{ pageTableRequest: PageTableRequest(page=1, limit=10, offset=0) myUser: MyUser(userId=null, deptId=1, userName=null, password=null, nickName=null, phone=null, email=null, status=null, roleId=null, jobIds=null) }', 'Chrome 11', '8', 'INFO', 'UserController.userList()', '2023-04-26 10:33:49', null);
INSERT INTO `my_log` VALUES ('2764', 'admin', '192.168.56.1', '查询角色', '{ request: PageTableRequest(page=1, limit=10, offset=0) myRole: MyRole(roleId=null, roleName=null, dataScope=null, description=null) }', 'Chrome 11', '7', 'INFO', 'RoleController.roleList()', '2023-04-26 10:33:54', null);
INSERT INTO `my_log` VALUES ('2765', 'admin', '192.168.56.1', '查询菜单', '{ queryName: null queryType: null }', 'Chrome 11', '5', 'INFO', 'MenuController.getMenuAll()', '2023-04-26 10:33:55', null);
INSERT INTO `my_log` VALUES ('2766', 'admin', '192.168.56.1', '查询部门', '{ myDept: MyDept(deptId=null, parentId=null, ancestors=null, deptName=null, sort=null, status=null) }', 'Chrome 11', '3', 'INFO', 'DeptController.getDeptAll()', '2023-04-26 10:33:56', null);
INSERT INTO `my_log` VALUES ('2767', 'admin', '192.168.56.1', '查询岗位', '{ pageTableRequest: PageTableRequest(page=1, limit=10, offset=0) jobQueryDto: JobQueryDto(queryName=null, queryStatus=null) }', 'Chrome 11', '6', 'INFO', 'JobController.getJobAll()', '2023-04-26 10:33:57', null);
INSERT INTO `my_log` VALUES ('2768', 'admin', '192.168.56.1', '查询字典列表', '{ pageTableRequest: PageTableRequest(page=1, limit=10, offset=0) myDict: MyDict(dictId=null, dictName=null, description=null, sort=null, createBy=null, updateBy=null) }', 'Chrome 11', '6', 'INFO', 'DictController.getDictAll()', '2023-04-26 10:33:59', null);
INSERT INTO `my_log` VALUES ('2769', 'admin', '192.168.56.1', '绘制菜单树', '{ }', 'Chrome 11', '3', 'INFO', 'MenuController.buildMenuAll()', '2023-04-26 10:34:23', null);
INSERT INTO `my_log` VALUES ('2770', 'admin', '192.168.56.1', '绘制部门树', '{ deptDto: DeptDto(id=null, parentId=null, checkArr=0, title=null) }', 'Chrome 11', '2', 'INFO', 'DeptController.buildDeptAll()', '2023-04-26 10:34:57', null);
INSERT INTO `my_log` VALUES ('2771', 'admin', '192.168.56.1', '查询用户', '{ pageTableRequest: PageTableRequest(page=1, limit=10, offset=0) myUser: MyUser(userId=null, deptId=null, userName=null, password=null, nickName=null, phone=null, email=null, status=null, roleId=null, jobIds=null) }', 'Chrome 11', '4', 'INFO', 'UserController.userList()', '2023-04-26 10:34:57', null);
INSERT INTO `my_log` VALUES ('2772', 'admin', '192.168.56.1', '绘制部门树', '{ deptDto: DeptDto(id=null, parentId=null, checkArr=0, title=null) }', 'Chrome 11', '2', 'INFO', 'DeptController.buildDeptAll()', '2023-04-26 10:35:00', null);
INSERT INTO `my_log` VALUES ('2773', 'admin', '192.168.56.1', '查询用户角色', '{ userId: 1 }', 'Chrome 11', '3', 'INFO', 'RoleUserController.getRoleUserByUserId()', '2023-04-26 10:35:00', null);
INSERT INTO `my_log` VALUES ('2774', 'admin', '192.168.56.1', '查询角色', '{ request: PageTableRequest(page=1, limit=10, offset=0) myRole: MyRole(roleId=null, roleName=null, dataScope=null, description=null) }', 'Chrome 11', '4', 'INFO', 'RoleController.roleList()', '2023-04-26 10:35:11', null);
INSERT INTO `my_log` VALUES ('2775', 'admin', '192.168.56.1', '通过id绘制菜单树', '{ roleId: 1 }', 'Chrome 11', '3', 'INFO', 'MenuController.buildMenuAllByRoleId()', '2023-04-26 10:35:14', null);
INSERT INTO `my_log` VALUES ('2776', 'admin', '192.168.56.1', '修改角色', '{ roleDto: MyRole(roleId=1, roleName=ADMIN, dataScope=null, description=超级管理员，拥有所有权限) }', 'Chrome 11', '10', 'INFO', 'RoleController.updateRole()', '2023-04-26 10:35:19', null);
INSERT INTO `my_log` VALUES ('2777', 'admin', '192.168.56.1', '查询角色', '{ request: PageTableRequest(page=1, limit=10, offset=0) myRole: MyRole(roleId=null, roleName=null, dataScope=null, description=null) }', 'Chrome 11', '3', 'INFO', 'RoleController.roleList()', '2023-04-26 10:35:20', null);
INSERT INTO `my_log` VALUES ('2778', 'admin', '192.168.56.1', '查询岗位', '{ pageTableRequest: PageTableRequest(page=1, limit=10, offset=0) jobQueryDto: JobQueryDto(queryName=null, queryStatus=null) }', 'Chrome 11', '4', 'INFO', 'JobController.getJobAll()', '2023-04-26 10:35:26', null);
INSERT INTO `my_log` VALUES ('2779', 'admin', '192.168.56.1', '查询字典列表', '{ pageTableRequest: PageTableRequest(page=1, limit=10, offset=0) myDict: MyDict(dictId=null, dictName=null, description=null, sort=null, createBy=null, updateBy=null) }', 'Chrome 11', '3', 'INFO', 'DictController.getDictAll()', '2023-04-26 10:35:29', null);
INSERT INTO `my_log` VALUES ('2780', 'admin', '192.168.56.1', '绘制部门树', '{ deptDto: DeptDto(id=null, parentId=null, checkArr=0, title=null) }', 'Chrome 11', '2', 'INFO', 'DeptController.buildDeptAll()', '2023-04-26 10:37:11', null);
INSERT INTO `my_log` VALUES ('2781', 'admin', '192.168.56.1', '查询用户', '{ pageTableRequest: PageTableRequest(page=1, limit=10, offset=0) myUser: MyUser(userId=null, deptId=null, userName=null, password=null, nickName=null, phone=null, email=null, status=null, roleId=null, jobIds=null) }', 'Chrome 11', '3', 'INFO', 'UserController.userList()', '2023-04-26 10:37:11', null);
INSERT INTO `my_log` VALUES ('2782', 'admin', '192.168.56.1', '查询角色', '{ request: PageTableRequest(page=1, limit=10, offset=0) myRole: MyRole(roleId=null, roleName=null, dataScope=null, description=null) }', 'Chrome 11', '3', 'INFO', 'RoleController.roleList()', '2023-04-26 10:37:12', null);
INSERT INTO `my_log` VALUES ('2783', 'admin', '192.168.56.1', '查询菜单', '{ queryName: null queryType: null }', 'Chrome 11', '2', 'INFO', 'MenuController.getMenuAll()', '2023-04-26 10:37:14', null);
INSERT INTO `my_log` VALUES ('2784', 'admin', '192.168.56.1', '查询菜单', '{ queryName: null queryType: null }', 'Chrome 11', '8', 'INFO', 'MenuController.getMenuAll()', '2023-04-26 10:51:55', null);
INSERT INTO `my_log` VALUES ('2785', 'admin', '192.168.56.1', '绘制部门树', '{ deptDto: DeptDto(id=null, parentId=null, checkArr=0, title=null) }', 'Chrome 11', '11', 'INFO', 'DeptController.buildDeptAll()', '2023-04-26 10:51:59', null);
INSERT INTO `my_log` VALUES ('2786', 'admin', '192.168.56.1', '查询用户', '{ pageTableRequest: PageTableRequest(page=1, limit=10, offset=0) myUser: MyUser(userId=null, deptId=null, userName=null, password=null, nickName=null, phone=null, email=null, status=null, roleId=null, jobIds=null) }', 'Chrome 11', '32', 'INFO', 'UserController.userList()', '2023-04-26 10:51:59', null);
INSERT INTO `my_log` VALUES ('2787', 'admin', '192.168.56.1', '绘制部门树', '{ deptDto: DeptDto(id=null, parentId=null, checkArr=0, title=null) }', 'Chrome 11', '2', 'INFO', 'DeptController.buildDeptAll()', '2023-04-26 10:52:01', null);
INSERT INTO `my_log` VALUES ('2788', 'admin', '192.168.56.1', '查询用户角色', '{ userId: 1 }', 'Chrome 11', '3', 'INFO', 'RoleUserController.getRoleUserByUserId()', '2023-04-26 10:52:01', null);
INSERT INTO `my_log` VALUES ('2789', 'admin', '192.168.56.1', '查询用户', '{ pageTableRequest: PageTableRequest(page=1, limit=10, offset=0) myUser: MyUser(userId=null, deptId=null, userName=, password=null, nickName=t, phone=null, email=null, status=null, roleId=null, jobIds=null) }', 'Chrome 11', '6', 'INFO', 'UserController.userList()', '2023-04-26 10:52:12', null);
INSERT INTO `my_log` VALUES ('2790', 'admin', '192.168.56.1', '查询用户', '{ pageTableRequest: PageTableRequest(page=1, limit=10, offset=0) myUser: MyUser(userId=null, deptId=null, userName=t, password=null, nickName=t, phone=null, email=null, status=null, roleId=null, jobIds=null) }', 'Chrome 11', '3', 'INFO', 'UserController.userList()', '2023-04-26 10:52:17', null);
INSERT INTO `my_log` VALUES ('2791', 'admin', '192.168.56.1', '绘制部门树', '{ deptDto: DeptDto(id=null, parentId=null, checkArr=0, title=null) }', 'Chrome 11', '3', 'INFO', 'DeptController.buildDeptAll()', '2023-04-26 10:52:27', null);
INSERT INTO `my_log` VALUES ('2792', 'admin', '192.168.56.1', '查询用户', '{ pageTableRequest: PageTableRequest(page=1, limit=10, offset=0) myUser: MyUser(userId=null, deptId=null, userName=null, password=null, nickName=null, phone=null, email=null, status=null, roleId=null, jobIds=null) }', 'Chrome 11', '5', 'INFO', 'UserController.userList()', '2023-04-26 10:52:27', null);
INSERT INTO `my_log` VALUES ('2793', 'admin', '192.168.56.1', '查询用户', '{ pageTableRequest: PageTableRequest(page=1, limit=10, offset=0) myUser: MyUser(userId=null, deptId=null, userName=, password=null, nickName=普通, phone=null, email=null, status=null, roleId=null, jobIds=null) }', 'Chrome 11', '6', 'INFO', 'UserController.userList()', '2023-04-26 10:52:39', null);
INSERT INTO `my_log` VALUES ('2794', 'admin', '192.168.56.1', '绘制部门树', '{ deptDto: DeptDto(id=null, parentId=null, checkArr=0, title=null) }', 'Chrome 11', '2', 'INFO', 'DeptController.buildDeptAll()', '2023-04-26 10:54:08', null);
INSERT INTO `my_log` VALUES ('2795', 'admin', '192.168.56.1', '查询用户', '{ pageTableRequest: PageTableRequest(page=1, limit=10, offset=0) myUser: MyUser(userId=null, deptId=null, userName=null, password=null, nickName=null, phone=null, email=null, status=null, roleId=null, jobIds=null) }', 'Chrome 11', '8', 'INFO', 'UserController.userList()', '2023-04-26 10:54:08', null);
INSERT INTO `my_log` VALUES ('2796', 'admin', '192.168.56.1', '删除用户', '{ userId: 3 }', 'Chrome 11', '7', 'INFO', 'UserController.deleteUser()', '2023-04-26 10:54:25', null);
INSERT INTO `my_log` VALUES ('2797', 'admin', '192.168.56.1', '删除用户', '{ userId: 2 }', 'Chrome 11', '6', 'INFO', 'UserController.deleteUser()', '2023-04-26 10:54:28', null);
INSERT INTO `my_log` VALUES ('2798', 'admin', '192.168.56.1', '绘制部门树', '{ deptDto: DeptDto(id=null, parentId=null, checkArr=0, title=null) }', 'Chrome 11', '1', 'INFO', 'DeptController.buildDeptAll()', '2023-04-26 10:54:37', null);
INSERT INTO `my_log` VALUES ('2799', 'admin', '192.168.56.1', '查询用户', '{ pageTableRequest: PageTableRequest(page=1, limit=10, offset=0) myUser: MyUser(userId=null, deptId=null, userName=null, password=null, nickName=null, phone=null, email=null, status=null, roleId=null, jobIds=null) }', 'Chrome 11', '4', 'INFO', 'UserController.userList()', '2023-04-26 10:54:37', null);
INSERT INTO `my_log` VALUES ('2800', 'admin', '192.168.56.1', '绘制部门树', '{ deptDto: DeptDto(id=null, parentId=null, checkArr=0, title=null) }', 'Chrome 11', '1', 'INFO', 'DeptController.buildDeptAll()', '2023-04-26 10:55:08', null);
INSERT INTO `my_log` VALUES ('2801', 'admin', '192.168.56.1', '查询用户', '{ pageTableRequest: PageTableRequest(page=1, limit=10, offset=0) myUser: MyUser(userId=null, deptId=null, userName=null, password=null, nickName=null, phone=null, email=null, status=null, roleId=null, jobIds=null) }', 'Chrome 11', '4', 'INFO', 'UserController.userList()', '2023-04-26 10:55:08', null);
INSERT INTO `my_log` VALUES ('2802', 'admin', '192.168.56.1', '删除用户', '{ userId: 4 }', 'Chrome 11', '4', 'INFO', 'UserController.deleteUser()', '2023-04-26 10:55:11', null);
INSERT INTO `my_log` VALUES ('2803', 'admin', '192.168.56.1', '删除用户', '{ userId: 5 }', 'Chrome 11', '5', 'INFO', 'UserController.deleteUser()', '2023-04-26 10:55:14', null);
INSERT INTO `my_log` VALUES ('2804', 'admin', '192.168.56.1', '删除用户', '{ userId: 6 }', 'Chrome 11', '4', 'INFO', 'UserController.deleteUser()', '2023-04-26 10:55:17', null);
INSERT INTO `my_log` VALUES ('2805', 'admin', '192.168.56.1', '删除用户', '{ userId: 7 }', 'Chrome 11', '5', 'INFO', 'UserController.deleteUser()', '2023-04-26 10:55:20', null);
INSERT INTO `my_log` VALUES ('2806', 'admin', '192.168.56.1', '删除用户', '{ userId: 8 }', 'Chrome 11', '6', 'INFO', 'UserController.deleteUser()', '2023-04-26 10:55:22', null);
INSERT INTO `my_log` VALUES ('2807', 'admin', '192.168.56.1', '绘制部门树', '{ deptDto: DeptDto(id=null, parentId=null, checkArr=0, title=null) }', 'Chrome 11', '2', 'INFO', 'DeptController.buildDeptAll()', '2023-04-26 10:55:24', null);
INSERT INTO `my_log` VALUES ('2808', 'admin', '192.168.56.1', '添加用户', '{ myUser: MyUser(userId=9, deptId=2, userName=001, password=$2a$10$HR3Y7ai2/NFgfhMhNBwts.N0nyf/n7e3BT15Cew/eb0TZ4g1QyKIa, nickName=网五月, phone=15991629438, email=815835618@qq.com, status=1, roleId=1, jobIds=[2]) }', 'Chrome 11', '83', 'INFO', 'UserController.saveUser()', '2023-04-26 10:55:46', null);
INSERT INTO `my_log` VALUES ('2809', 'admin', '192.168.56.1', '绘制部门树', '{ deptDto: DeptDto(id=null, parentId=null, checkArr=0, title=null) }', 'Chrome 11', '1', 'INFO', 'DeptController.buildDeptAll()', '2023-04-26 10:55:48', null);
INSERT INTO `my_log` VALUES ('2810', 'admin', '192.168.56.1', '查询用户', '{ pageTableRequest: PageTableRequest(page=1, limit=10, offset=0) myUser: MyUser(userId=null, deptId=null, userName=null, password=null, nickName=null, phone=null, email=null, status=null, roleId=null, jobIds=null) }', 'Chrome 11', '4', 'INFO', 'UserController.userList()', '2023-04-26 10:55:48', null);
INSERT INTO `my_log` VALUES ('2811', 'admin', '192.168.56.1', '查询角色', '{ request: PageTableRequest(page=1, limit=10, offset=0) myRole: MyRole(roleId=null, roleName=null, dataScope=null, description=null) }', 'Chrome 11', '4', 'INFO', 'RoleController.roleList()', '2023-04-26 10:55:51', null);
INSERT INTO `my_log` VALUES ('2812', 'admin', '192.168.56.1', '查询菜单', '{ queryName: null queryType: null }', 'Chrome 11', '3', 'INFO', 'MenuController.getMenuAll()', '2023-04-26 10:55:53', null);
INSERT INTO `my_log` VALUES ('2813', 'admin', '192.168.56.1', '绘制菜单树', '{ }', 'Chrome 11', '3', 'INFO', 'MenuController.buildMenuAll()', '2023-04-26 10:55:58', null);
INSERT INTO `my_log` VALUES ('2814', 'admin', '192.168.56.1', '绘制部门树', '{ deptDto: DeptDto(id=null, parentId=null, checkArr=0, title=null) }', 'Chrome 11', '2', 'INFO', 'DeptController.buildDeptAll()', '2023-04-26 10:56:12', null);
INSERT INTO `my_log` VALUES ('2815', 'admin', '192.168.56.1', '查询用户角色', '{ userId: 9 }', 'Chrome 11', '4', 'INFO', 'RoleUserController.getRoleUserByUserId()', '2023-04-26 10:56:12', null);
INSERT INTO `my_log` VALUES ('2816', 'admin', '192.168.56.1', '绘制部门树', '{ deptDto: DeptDto(id=null, parentId=null, checkArr=0, title=null) }', 'Chrome 11', '1', 'INFO', 'DeptController.buildDeptAll()', '2023-04-26 10:56:28', null);
INSERT INTO `my_log` VALUES ('2817', 'admin', '192.168.56.1', '查询用户角色', '{ userId: 9 }', 'Chrome 11', '1', 'INFO', 'RoleUserController.getRoleUserByUserId()', '2023-04-26 10:56:28', null);
INSERT INTO `my_log` VALUES ('2818', 'admin', '192.168.56.1', '绘制部门树', '{ deptDto: DeptDto(id=null, parentId=null, checkArr=0, title=null) }', 'Chrome 11', '2', 'INFO', 'DeptController.buildDeptAll()', '2023-04-26 10:56:31', null);
INSERT INTO `my_log` VALUES ('2819', 'admin', '192.168.56.1', '查询用户角色', '{ userId: 9 }', 'Chrome 11', '1', 'INFO', 'RoleUserController.getRoleUserByUserId()', '2023-04-26 10:56:31', null);
INSERT INTO `my_log` VALUES ('2820', 'admin', '192.168.56.1', '修改用户', '{ myUser: MyUser(userId=9, deptId=2, userName=001, password=null, nickName=网五月, phone=15991629438, email=815835618@qq.com, status=1, roleId=2, jobIds=[2]) }', 'Chrome 11', '12', 'INFO', 'UserController.updateUser()', '2023-04-26 10:56:33', null);
INSERT INTO `my_log` VALUES ('2821', 'admin', '192.168.56.1', '绘制部门树', '{ deptDto: DeptDto(id=null, parentId=null, checkArr=0, title=null) }', 'Chrome 11', '1', 'INFO', 'DeptController.buildDeptAll()', '2023-04-26 10:56:35', null);
INSERT INTO `my_log` VALUES ('2822', 'admin', '192.168.56.1', '查询用户', '{ pageTableRequest: PageTableRequest(page=1, limit=10, offset=0) myUser: MyUser(userId=null, deptId=null, userName=null, password=null, nickName=null, phone=null, email=null, status=null, roleId=null, jobIds=null) }', 'Chrome 11', '2', 'INFO', 'UserController.userList()', '2023-04-26 10:56:35', null);
INSERT INTO `my_log` VALUES ('2823', 'admin', '192.168.56.1', '通过id绘制菜单树', '{ roleId: 2 }', 'Chrome 11', '4', 'INFO', 'MenuController.buildMenuAllByRoleId()', '2023-04-26 10:56:38', null);
INSERT INTO `my_log` VALUES ('2824', 'admin', '192.168.56.1', '修改角色', '{ roleDto: MyRole(roleId=2, roleName=USER, dataScope=null, description=普通用户) }', 'Chrome 11', '8', 'INFO', 'RoleController.updateRole()', '2023-04-26 10:56:55', null);
INSERT INTO `my_log` VALUES ('2825', 'admin', '192.168.56.1', '查询角色', '{ request: PageTableRequest(page=1, limit=10, offset=0) myRole: MyRole(roleId=null, roleName=null, dataScope=null, description=null) }', 'Chrome 11', '3', 'INFO', 'RoleController.roleList()', '2023-04-26 10:56:56', null);
INSERT INTO `my_log` VALUES ('2826', 'admin', '192.168.56.1', '通过id绘制菜单树', '{ roleId: 2 }', 'Chrome 11', '2', 'INFO', 'MenuController.buildMenuAllByRoleId()', '2023-04-26 10:57:00', null);
INSERT INTO `my_log` VALUES ('2827', 'admin', '192.168.56.1', '绘制部门树', '{ deptDto: DeptDto(id=null, parentId=null, checkArr=0, title=null) }', 'Chrome 11', '1', 'INFO', 'DeptController.buildDeptAll()', '2023-04-26 10:57:07', null);
INSERT INTO `my_log` VALUES ('2828', 'admin', '192.168.56.1', '查询用户角色', '{ userId: 9 }', 'Chrome 11', '1', 'INFO', 'RoleUserController.getRoleUserByUserId()', '2023-04-26 10:57:07', null);
INSERT INTO `my_log` VALUES ('2829', '001', '192.168.56.1', '绘制部门树', '{ deptDto: DeptDto(id=null, parentId=null, checkArr=0, title=null) }', 'Chrome 11', '3', 'INFO', 'DeptController.buildDeptAll()', '2023-04-26 10:57:47', null);
INSERT INTO `my_log` VALUES ('2830', '001', '192.168.56.1', '查询用户', '{ pageTableRequest: PageTableRequest(page=1, limit=10, offset=0) myUser: MyUser(userId=null, deptId=null, userName=null, password=null, nickName=null, phone=null, email=null, status=null, roleId=null, jobIds=null) }', 'Chrome 11', '4', 'INFO', 'UserController.userList()', '2023-04-26 10:57:47', null);
INSERT INTO `my_log` VALUES ('2831', '001', '192.168.56.1', '查询角色', '{ request: PageTableRequest(page=1, limit=10, offset=0) myRole: MyRole(roleId=null, roleName=null, dataScope=null, description=null) }', 'Chrome 11', '3', 'INFO', 'RoleController.roleList()', '2023-04-26 10:57:48', null);
INSERT INTO `my_log` VALUES ('2832', '001', '192.168.56.1', '查询菜单', '{ queryName: null queryType: null }', 'Chrome 11', '1', 'INFO', 'MenuController.getMenuAll()', '2023-04-26 10:57:48', null);
INSERT INTO `my_log` VALUES ('2833', '001', '192.168.56.1', '查询岗位', '{ pageTableRequest: PageTableRequest(page=1, limit=10, offset=0) jobQueryDto: JobQueryDto(queryName=null, queryStatus=null) }', 'Chrome 11', '3', 'INFO', 'JobController.getJobAll()', '2023-04-26 10:57:48', null);
INSERT INTO `my_log` VALUES ('2834', '001', '192.168.56.1', '绘制部门树', '{ deptDto: DeptDto(id=null, parentId=null, checkArr=0, title=null) }', 'Chrome 11', '1', 'INFO', 'DeptController.buildDeptAll()', '2023-04-26 10:58:20', null);
INSERT INTO `my_log` VALUES ('2835', '001', '192.168.56.1', '查询部门', '{ myDept: MyDept(deptId=null, parentId=null, ancestors=null, deptName=null, sort=null, status=null) }', 'Chrome 11', '2', 'INFO', 'DeptController.getDeptAll()', '2023-04-26 10:58:26', null);
INSERT INTO `my_log` VALUES ('2836', '001', '192.168.56.1', '绘制菜单树', '{ }', 'Chrome 11', '1', 'INFO', 'MenuController.buildMenuAll()', '2023-04-26 10:58:28', null);
INSERT INTO `my_log` VALUES ('2837', 'admin', '192.168.56.1', '查询菜单', '{ queryName: null queryType: null }', 'Chrome 11', '9', 'INFO', 'MenuController.getMenuAll()', '2023-04-26 11:21:57', null);
INSERT INTO `my_log` VALUES ('2838', 'admin', '192.168.56.1', '绘制部门树', '{ deptDto: DeptDto(id=null, parentId=null, checkArr=0, title=null) }', 'Chrome 11', '12', 'INFO', 'DeptController.buildDeptAll()', '2023-04-26 11:21:59', null);
INSERT INTO `my_log` VALUES ('2839', 'admin', '192.168.56.1', '查询用户', '{ pageTableRequest: PageTableRequest(page=1, limit=10, offset=0) myUser: MyUser(userId=null, deptId=null, userName=null, password=null, nickName=null, phone=null, email=null, status=null, roleId=null, jobIds=null) }', 'Chrome 11', '33', 'INFO', 'UserController.userList()', '2023-04-26 11:21:59', null);
INSERT INTO `my_log` VALUES ('2840', 'admin', '192.168.56.1', '绘制部门树', '{ deptDto: DeptDto(id=null, parentId=null, checkArr=0, title=null) }', 'Chrome 11', '2', 'INFO', 'DeptController.buildDeptAll()', '2023-04-26 11:22:01', null);
INSERT INTO `my_log` VALUES ('2841', 'admin', '192.168.56.1', '查询用户角色', '{ userId: 1 }', 'Chrome 11', '4', 'INFO', 'RoleUserController.getRoleUserByUserId()', '2023-04-26 11:22:01', null);
INSERT INTO `my_log` VALUES ('2842', 'admin', '192.168.56.1', '查询角色', '{ request: PageTableRequest(page=1, limit=10, offset=0) myRole: MyRole(roleId=null, roleName=null, dataScope=null, description=null) }', 'Chrome 11', '5', 'INFO', 'RoleController.roleList()', '2023-04-26 11:22:07', null);
INSERT INTO `my_log` VALUES ('2843', 'admin', '192.168.56.1', '通过id绘制菜单树', '{ roleId: 1 }', 'Chrome 11', '5', 'INFO', 'MenuController.buildMenuAllByRoleId()', '2023-04-26 11:22:09', null);
INSERT INTO `my_log` VALUES ('2844', 'admin', '192.168.56.1', '修改角色', '{ roleDto: MyRole(roleId=1, roleName=ADMIN, dataScope=null, description=超级管理员，拥有所有权限) }', 'Chrome 11', '11', 'INFO', 'RoleController.updateRole()', '2023-04-26 11:22:13', null);
INSERT INTO `my_log` VALUES ('2845', 'admin', '192.168.56.1', '查询角色', '{ request: PageTableRequest(page=1, limit=10, offset=0) myRole: MyRole(roleId=null, roleName=null, dataScope=null, description=null) }', 'Chrome 11', '4', 'INFO', 'RoleController.roleList()', '2023-04-26 11:22:15', null);
INSERT INTO `my_log` VALUES ('2846', 'admin', '192.168.56.1', '查询菜单', '{ queryName: null queryType: null }', 'Chrome 11', '4', 'INFO', 'MenuController.getMenuAll()', '2023-04-26 11:22:25', null);
INSERT INTO `my_log` VALUES ('2847', 'admin', '192.168.56.1', '绘制菜单树', '{ }', 'Chrome 11', '2', 'INFO', 'MenuController.buildMenuAll()', '2023-04-26 11:22:27', null);
INSERT INTO `my_log` VALUES ('2848', 'admin', '192.168.56.1', '绘制菜单树', '{ }', 'Chrome 11', '1', 'INFO', 'MenuController.buildMenuAll()', '2023-04-26 11:22:31', null);
INSERT INTO `my_log` VALUES ('2849', 'admin', '192.168.56.1', '绘制菜单树', '{ }', 'Chrome 11', '2', 'INFO', 'MenuController.buildMenuAll()', '2023-04-26 11:22:35', null);
INSERT INTO `my_log` VALUES ('2850', 'admin', '192.168.56.1', '查询部门', '{ myDept: MyDept(deptId=null, parentId=null, ancestors=null, deptName=null, sort=null, status=null) }', 'Chrome 11', '20', 'INFO', 'DeptController.getDeptAll()', '2023-04-26 11:31:49', null);
INSERT INTO `my_log` VALUES ('2851', 'admin', '192.168.56.1', '查询岗位', '{ pageTableRequest: PageTableRequest(page=1, limit=10, offset=0) jobQueryDto: JobQueryDto(queryName=null, queryStatus=null) }', 'Chrome 11', '25', 'INFO', 'JobController.getJobAll()', '2023-04-26 11:32:24', null);
INSERT INTO `my_log` VALUES ('2852', 'admin', '192.168.56.1', '查询字典列表', '{ pageTableRequest: PageTableRequest(page=1, limit=10, offset=0) myDict: MyDict(dictId=null, dictName=null, description=null, sort=null, createBy=null, updateBy=null) }', 'Chrome 11', '6', 'INFO', 'DictController.getDictAll()', '2023-04-26 11:32:25', null);
INSERT INTO `my_log` VALUES ('2853', 'admin', '192.168.56.1', '添加字典', '{ myDict: MyDict(dictId=null, dictName=审批状态, description=审批状态, sort=1, createBy=null, updateBy=null) }', 'Chrome 11', '5', 'INFO', 'DictController.saveDict()', '2023-04-26 11:33:05', null);
INSERT INTO `my_log` VALUES ('2854', 'admin', '192.168.56.1', '查询字典列表', '{ pageTableRequest: PageTableRequest(page=1, limit=10, offset=0) myDict: MyDict(dictId=null, dictName=null, description=null, sort=null, createBy=null, updateBy=null) }', 'Chrome 11', '4', 'INFO', 'DictController.getDictAll()', '2023-04-26 11:33:06', null);
INSERT INTO `my_log` VALUES ('2855', 'admin', '192.168.56.1', '添加字典详情', '{ myDictDetail: MyDictDetail(Id=null, dictId=4, label=已审核, value=0, sort=1, createBy=null, updateBy=null) }', 'Chrome 11', '2', 'INFO', 'DictDetailController.saveDictDetail()', '2023-04-26 11:33:23', null);
INSERT INTO `my_log` VALUES ('2856', 'admin', '192.168.56.1', '添加字典详情', '{ myDictDetail: MyDictDetail(Id=null, dictId=4, label=未审核, value=1, sort=2, createBy=null, updateBy=null) }', 'Chrome 11', '3', 'INFO', 'DictDetailController.saveDictDetail()', '2023-04-26 11:33:36', null);
INSERT INTO `my_log` VALUES ('2857', 'admin', '192.168.56.1', '绘制部门树', '{ deptDto: DeptDto(id=null, parentId=null, checkArr=0, title=null) }', 'Chrome 11', '22', 'INFO', 'DeptController.buildDeptAll()', '2023-04-26 11:45:46', null);
INSERT INTO `my_log` VALUES ('2858', 'admin', '192.168.56.1', '查询用户', '{ pageTableRequest: PageTableRequest(page=1, limit=10, offset=0) myUser: MyUser(userId=null, deptId=null, userName=null, password=null, nickName=null, phone=null, email=null, status=null, roleId=null, jobIds=null) }', 'Chrome 11', '48', 'INFO', 'UserController.userList()', '2023-04-26 11:45:46', null);
INSERT INTO `my_log` VALUES ('2859', 'admin', '192.168.56.1', '查询角色', '{ request: PageTableRequest(page=1, limit=10, offset=0) myRole: MyRole(roleId=null, roleName=null, dataScope=null, description=null) }', 'Chrome 11', '6', 'INFO', 'RoleController.roleList()', '2023-04-26 11:45:46', null);
INSERT INTO `my_log` VALUES ('2860', 'admin', '192.168.56.1', '查询菜单', '{ queryName: null queryType: null }', 'Chrome 11', '8', 'INFO', 'MenuController.getMenuAll()', '2023-04-26 11:45:47', null);
INSERT INTO `my_log` VALUES ('2861', 'admin', '192.168.56.1', '查询部门', '{ myDept: MyDept(deptId=null, parentId=null, ancestors=null, deptName=null, sort=null, status=null) }', 'Chrome 11', '2', 'INFO', 'DeptController.getDeptAll()', '2023-04-26 11:45:47', null);
INSERT INTO `my_log` VALUES ('2862', 'admin', '192.168.56.1', '查询岗位', '{ pageTableRequest: PageTableRequest(page=1, limit=10, offset=0) jobQueryDto: JobQueryDto(queryName=null, queryStatus=null) }', 'Chrome 11', '4', 'INFO', 'JobController.getJobAll()', '2023-04-26 11:45:50', null);
INSERT INTO `my_log` VALUES ('2863', 'admin', '192.168.56.1', '绘制部门树', '{ deptDto: DeptDto(id=null, parentId=null, checkArr=0, title=null) }', 'Chrome 11', '2', 'INFO', 'DeptController.buildDeptAll()', '2023-04-26 11:46:11', null);
INSERT INTO `my_log` VALUES ('2864', 'admin', '192.168.56.1', '修改岗位', '{ myJob: MyJob(jobId=1, jobName=主任医师, status=1, sort=1, flag=false) }', 'Chrome 11', '7', 'INFO', 'JobController.updateJob()', '2023-04-26 11:47:00', null);
INSERT INTO `my_log` VALUES ('2865', 'admin', '192.168.56.1', '查询岗位', '{ pageTableRequest: PageTableRequest(page=1, limit=10, offset=0) jobQueryDto: JobQueryDto(queryName=null, queryStatus=null) }', 'Chrome 11', '3', 'INFO', 'JobController.getJobAll()', '2023-04-26 11:47:01', null);
INSERT INTO `my_log` VALUES ('2866', 'admin', '192.168.56.1', '修改岗位', '{ myJob: MyJob(jobId=2, jobName=护士, status=1, sort=2, flag=false) }', 'Chrome 11', '3', 'INFO', 'JobController.updateJob()', '2023-04-26 11:47:15', null);
INSERT INTO `my_log` VALUES ('2867', 'admin', '192.168.56.1', '查询岗位', '{ pageTableRequest: PageTableRequest(page=1, limit=10, offset=0) jobQueryDto: JobQueryDto(queryName=null, queryStatus=null) }', 'Chrome 11', '4', 'INFO', 'JobController.getJobAll()', '2023-04-26 11:47:16', null);
INSERT INTO `my_log` VALUES ('2868', 'admin', '192.168.56.1', '修改岗位', '{ myJob: MyJob(jobId=3, jobName=副主任医师, status=1, sort=3, flag=false) }', 'Chrome 11', '4', 'INFO', 'JobController.updateJob()', '2023-04-26 11:47:29', null);
INSERT INTO `my_log` VALUES ('2869', 'admin', '192.168.56.1', '查询岗位', '{ pageTableRequest: PageTableRequest(page=1, limit=10, offset=0) jobQueryDto: JobQueryDto(queryName=null, queryStatus=null) }', 'Chrome 11', '4', 'INFO', 'JobController.getJobAll()', '2023-04-26 11:47:30', null);

-- ----------------------------
-- Table structure for my_menu
-- ----------------------------
DROP TABLE IF EXISTS `my_menu`;
CREATE TABLE `my_menu` (
  `menu_id` int NOT NULL AUTO_INCREMENT COMMENT 'id值',
  `parent_id` int NOT NULL COMMENT '父级菜单id',
  `menu_name` varchar(255) CHARACTER SET utf8mb3 COLLATE utf8mb3_general_ci NOT NULL COMMENT '菜单名称',
  `icon` varchar(255) CHARACTER SET utf8mb3 COLLATE utf8mb3_general_ci DEFAULT NULL COMMENT '菜单图标',
  `url` varchar(255) CHARACTER SET utf8mb3 COLLATE utf8mb3_general_ci DEFAULT NULL COMMENT 'url',
  `permission` varchar(255) CHARACTER SET utf8mb3 COLLATE utf8mb3_general_ci DEFAULT NULL COMMENT '权限',
  `sort` int DEFAULT NULL COMMENT '排序',
  `type` tinyint(1) NOT NULL COMMENT '类型',
  `create_time` datetime NOT NULL COMMENT '创建时间',
  `update_time` datetime NOT NULL COMMENT '更新时间',
  PRIMARY KEY (`menu_id`) USING BTREE
) ENGINE=InnoDB AUTO_INCREMENT=90 DEFAULT CHARSET=utf8mb3 ROW_FORMAT=DYNAMIC;

-- ----------------------------
-- Records of my_menu
-- ----------------------------
INSERT INTO `my_menu` VALUES ('1', '0', '工作空间', 'layui-icon layui-icon-console', '', '', '1', '0', '2020-07-13 20:14:26', '2020-07-14 14:38:28');
INSERT INTO `my_menu` VALUES ('2', '1', '控制后台', 'layui-icon layui-icon-console', '/api/console', '', '2', '1', '2020-07-13 20:19:02', '2020-07-13 20:19:08');
INSERT INTO `my_menu` VALUES ('3', '0', '系统管理', 'layui-icon layui-icon-set-fill', '', '', '3', '0', '2020-07-10 09:33:00', '2020-07-12 21:03:22');
INSERT INTO `my_menu` VALUES ('4', '3', '用户管理', 'layui-icon layui-icon-username', '/api/user/index', 'user:list', '4', '1', '2020-07-10 09:33:33', '2020-07-13 09:30:12');
INSERT INTO `my_menu` VALUES ('5', '3', '角色管理', 'layui-icon layui-icon-user', '/api/role/index', 'role:list', '5', '1', '2020-07-10 09:34:17', '2020-07-10 09:34:20');
INSERT INTO `my_menu` VALUES ('6', '3', '菜单管理', 'layui-icon layui-icon-vercode', '/api/menu/index', 'menu:list', '6', '1', '2020-07-10 09:34:50', '2020-07-10 09:34:53');
INSERT INTO `my_menu` VALUES ('7', '0', '系统监控', 'layui-icon layui-icon-console', '', '', '7', '0', '2020-07-10 09:35:20', '2020-07-12 20:58:31');
INSERT INTO `my_menu` VALUES ('8', '7', 'SQL监控', 'layui-icon layui-icon-chart', '/druid/login', '', '8', '1', '2020-07-10 09:35:50', '2020-07-10 09:35:53');
INSERT INTO `my_menu` VALUES ('9', '7', '接口文档', 'layui-icon layui-icon-chart', '/swagger-ui.html', null, '9', '1', '2020-07-10 09:36:11', '2020-07-12 20:04:57');
INSERT INTO `my_menu` VALUES ('10', '0', '错误页面', 'layui-icon layui-icon-auz', null, null, '10', '0', '2020-07-14 13:31:16', '2020-07-14 13:31:24');
INSERT INTO `my_menu` VALUES ('11', '10', '403', 'layui-icon layui-icon layui-icon-face-cry', '/api/403', '', '11', '1', '2020-07-14 13:36:47', '2020-08-23 12:05:38');
INSERT INTO `my_menu` VALUES ('12', '10', '404', 'layui-icon layui-icon-face-cry', '/api/404', null, '12', '1', '2020-07-14 13:37:22', '2020-07-14 13:37:25');
INSERT INTO `my_menu` VALUES ('13', '10', '500', 'layui-icon layui-icon layui-icon layui-icon layui-icon layui-icon layui-icon-face-cry', '/api/500', '', '13', '1', '2020-07-14 13:38:09', '2020-08-27 14:59:07');
INSERT INTO `my_menu` VALUES ('14', '4', '用户新增', null, null, 'user:add', '4', '2', '2020-07-10 09:36:41', '2020-07-10 09:36:44');
INSERT INTO `my_menu` VALUES ('15', '4', '用户编辑', null, null, 'user:edit', '4', '2', '2020-07-10 09:37:16', '2020-07-10 09:37:18');
INSERT INTO `my_menu` VALUES ('16', '4', '用户删除', null, null, 'user:del', '4', '2', '2020-07-10 09:37:38', '2020-07-10 09:37:40');
INSERT INTO `my_menu` VALUES ('17', '5', '角色新增', null, null, 'role:add', '5', '2', '2020-07-10 09:38:02', '2020-07-10 09:38:05');
INSERT INTO `my_menu` VALUES ('18', '5', '角色编辑', null, null, 'role:edit', '5', '2', '2020-07-10 09:38:30', '2020-07-10 09:38:32');
INSERT INTO `my_menu` VALUES ('19', '5', '角色删除', null, null, 'role:del', '5', '2', '2020-07-10 09:38:51', '2020-07-10 09:38:54');
INSERT INTO `my_menu` VALUES ('20', '6', '菜单新增', null, null, 'menu:add', '6', '2', '2020-07-10 09:39:16', '2020-07-10 09:39:21');
INSERT INTO `my_menu` VALUES ('21', '6', '菜单修改', null, null, 'menu:edit', '6', '2', '2020-07-10 09:39:46', '2020-07-10 09:39:48');
INSERT INTO `my_menu` VALUES ('22', '6', '菜单删除', null, null, 'menu:del', '6', '2', '2020-07-10 09:40:08', '2020-07-10 09:40:10');
INSERT INTO `my_menu` VALUES ('35', '7', '操作日志', 'layui-icon-group', '/api/log/index', 'log:list', '7', '1', '2020-08-04 11:38:45', '2020-08-04 11:38:58');
INSERT INTO `my_menu` VALUES ('36', '7', '异常日志', 'layui-icon-face-cry', '/api/log/error/index', 'errorLog:list', '7', '1', '2020-08-04 11:42:22', '2020-08-04 11:42:22');
INSERT INTO `my_menu` VALUES ('66', '35', '日志删除', 'layui-icon ', '', 'log:del', '7', '2', '2020-08-09 15:16:03', '2020-08-09 15:16:03');
INSERT INTO `my_menu` VALUES ('67', '36', '异常日志删除', 'layui-icon layui-icon layui-icon ', '', 'errorLog:del', '7', '2', '2020-08-09 15:16:30', '2020-08-09 15:16:59');
INSERT INTO `my_menu` VALUES ('68', '3', '部门管理', 'layui-icon layui-icon layui-icon layui-icon-group', '/api/dept/index', 'dept:list', '7', '1', '2020-08-19 15:03:27', '2020-08-23 16:34:51');
INSERT INTO `my_menu` VALUES ('69', '3', '岗位管理', 'layui-icon layui-icon layui-icon layui-icon-group', '/api/job/index', 'job:list', '8', '1', '2020-08-19 16:31:46', '2020-08-23 16:32:14');
INSERT INTO `my_menu` VALUES ('70', '0', '系统工具', 'layui-icon layui-icon layui-icon-app', '', '', '8', '0', '2020-08-19 18:43:13', '2020-08-20 11:43:19');
INSERT INTO `my_menu` VALUES ('71', '70', '定时任务', 'layui-icon layui-icon-play', '/api/quartz/index', '', '9', '1', '2020-08-21 09:17:54', '2020-08-21 09:20:37');
INSERT INTO `my_menu` VALUES ('75', '69', '岗位新增', 'layui-icon ', '', 'job:add', '9', '2', '2020-08-23 16:32:59', '2020-08-23 16:32:59');
INSERT INTO `my_menu` VALUES ('76', '69', '岗位修改', 'layui-icon ', '', 'job:edit', '10', '2', '2020-08-23 16:33:36', '2020-08-23 16:33:36');
INSERT INTO `my_menu` VALUES ('77', '69', '岗位删除', 'layui-icon ', '', 'job:del', '10', '2', '2020-08-23 16:34:08', '2020-08-23 16:34:08');
INSERT INTO `my_menu` VALUES ('78', '68', '部门新增', 'layui-icon ', '', 'dept:add', '8', '2', '2020-08-23 16:34:39', '2020-08-23 16:34:39');
INSERT INTO `my_menu` VALUES ('79', '68', '部门修改', 'layui-icon ', '', 'dept:edit', '9', '2', '2020-08-23 16:35:18', '2020-08-23 16:35:18');
INSERT INTO `my_menu` VALUES ('80', '68', '部门删除', 'layui-icon ', '', 'dept:del', '10', '2', '2020-08-23 16:35:41', '2020-08-23 16:35:41');
INSERT INTO `my_menu` VALUES ('81', '7', '在线用户', 'layui-icon layui-icon layui-icon layui-icon-username', '/api/online/index', '', '7', '1', '2020-08-26 14:34:16', '2020-08-26 14:38:16');
INSERT INTO `my_menu` VALUES ('82', '70', '代码生成', 'layui-icon layui-icon layui-icon-fonts-code', '/api/generator/index', '', '10', '1', '2020-08-26 14:35:10', '2020-08-26 14:37:56');
INSERT INTO `my_menu` VALUES ('85', '70', '表单构建', 'layui-icon layui-icon-fire', '/api/form/build', '', '11', '1', '2020-10-01 13:20:34', '2020-10-01 13:20:45');
INSERT INTO `my_menu` VALUES ('86', '3', '字典管理', 'layui-icon layui-icon-form', '/api/dict/index', 'dict:list', '9', '1', '2020-11-07 14:44:36', '2020-11-07 14:45:33');
INSERT INTO `my_menu` VALUES ('87', '86', '字典新增', 'layui-icon ', '', 'dict:add', '11', '2', '2020-11-07 14:46:21', '2020-11-07 14:46:21');
INSERT INTO `my_menu` VALUES ('88', '86', '字典修改', 'layui-icon ', '', 'dict:edit', '12', '2', '2020-11-07 14:46:52', '2020-11-07 14:46:52');
INSERT INTO `my_menu` VALUES ('89', '86', '字典删除', 'layui-icon ', '', 'dict:del', '13', '2', '2020-11-07 14:47:15', '2020-11-07 14:47:15');

-- ----------------------------
-- Table structure for my_role
-- ----------------------------
DROP TABLE IF EXISTS `my_role`;
CREATE TABLE `my_role` (
  `role_id` int NOT NULL AUTO_INCREMENT COMMENT 'id值',
  `role_name` varchar(255) CHARACTER SET utf8mb3 COLLATE utf8mb3_general_ci NOT NULL COMMENT '名称',
  `description` varchar(255) CHARACTER SET utf8mb3 COLLATE utf8mb3_general_ci DEFAULT NULL COMMENT '描述',
  `create_time` datetime DEFAULT NULL COMMENT '创建时间',
  `update_time` datetime DEFAULT NULL COMMENT '更新时间',
  `data_scope` char(1) CHARACTER SET utf8mb3 COLLATE utf8mb3_general_ci DEFAULT NULL COMMENT '数据范围（1：全部数据权限 2：自定数据权限 3：本部门数据权限 4：本部门及以下数据权限）',
  PRIMARY KEY (`role_id`) USING BTREE
) ENGINE=InnoDB AUTO_INCREMENT=3 DEFAULT CHARSET=utf8mb3 ROW_FORMAT=DYNAMIC;

-- ----------------------------
-- Records of my_role
-- ----------------------------
INSERT INTO `my_role` VALUES ('1', 'ADMIN', '超级管理员，拥有所有权限', '2020-07-10 09:40:35', '2023-04-26 11:22:14', '1');
INSERT INTO `my_role` VALUES ('2', 'USER', '普通用户', '2020-07-10 09:40:56', '2023-04-26 10:56:55', '2');

-- ----------------------------
-- Table structure for my_role_dept
-- ----------------------------
DROP TABLE IF EXISTS `my_role_dept`;
CREATE TABLE `my_role_dept` (
  `role_id` int NOT NULL COMMENT '角色id',
  `dept_id` int NOT NULL COMMENT '部门id',
  PRIMARY KEY (`role_id`,`dept_id`) USING BTREE
) ENGINE=InnoDB DEFAULT CHARSET=utf8mb3 ROW_FORMAT=DYNAMIC;

-- ----------------------------
-- Records of my_role_dept
-- ----------------------------
INSERT INTO `my_role_dept` VALUES ('2', '5');
INSERT INTO `my_role_dept` VALUES ('2', '6');
INSERT INTO `my_role_dept` VALUES ('2', '7');

-- ----------------------------
-- Table structure for my_role_menu
-- ----------------------------
DROP TABLE IF EXISTS `my_role_menu`;
CREATE TABLE `my_role_menu` (
  `role_id` int NOT NULL COMMENT '角色id',
  `menu_id` int NOT NULL COMMENT '菜单id',
  PRIMARY KEY (`role_id`,`menu_id`) USING BTREE
) ENGINE=InnoDB DEFAULT CHARSET=utf8mb3 ROW_FORMAT=DYNAMIC;

-- ----------------------------
-- Records of my_role_menu
-- ----------------------------
INSERT INTO `my_role_menu` VALUES ('1', '1');
INSERT INTO `my_role_menu` VALUES ('1', '2');
INSERT INTO `my_role_menu` VALUES ('1', '3');
INSERT INTO `my_role_menu` VALUES ('1', '4');
INSERT INTO `my_role_menu` VALUES ('1', '5');
INSERT INTO `my_role_menu` VALUES ('1', '6');
INSERT INTO `my_role_menu` VALUES ('1', '7');
INSERT INTO `my_role_menu` VALUES ('1', '8');
INSERT INTO `my_role_menu` VALUES ('1', '9');
INSERT INTO `my_role_menu` VALUES ('1', '10');
INSERT INTO `my_role_menu` VALUES ('1', '11');
INSERT INTO `my_role_menu` VALUES ('1', '12');
INSERT INTO `my_role_menu` VALUES ('1', '13');
INSERT INTO `my_role_menu` VALUES ('1', '14');
INSERT INTO `my_role_menu` VALUES ('1', '15');
INSERT INTO `my_role_menu` VALUES ('1', '16');
INSERT INTO `my_role_menu` VALUES ('1', '17');
INSERT INTO `my_role_menu` VALUES ('1', '18');
INSERT INTO `my_role_menu` VALUES ('1', '19');
INSERT INTO `my_role_menu` VALUES ('1', '20');
INSERT INTO `my_role_menu` VALUES ('1', '21');
INSERT INTO `my_role_menu` VALUES ('1', '22');
INSERT INTO `my_role_menu` VALUES ('1', '35');
INSERT INTO `my_role_menu` VALUES ('1', '36');
INSERT INTO `my_role_menu` VALUES ('1', '66');
INSERT INTO `my_role_menu` VALUES ('1', '67');
INSERT INTO `my_role_menu` VALUES ('1', '68');
INSERT INTO `my_role_menu` VALUES ('1', '69');
INSERT INTO `my_role_menu` VALUES ('1', '70');
INSERT INTO `my_role_menu` VALUES ('1', '71');
INSERT INTO `my_role_menu` VALUES ('1', '75');
INSERT INTO `my_role_menu` VALUES ('1', '76');
INSERT INTO `my_role_menu` VALUES ('1', '77');
INSERT INTO `my_role_menu` VALUES ('1', '78');
INSERT INTO `my_role_menu` VALUES ('1', '79');
INSERT INTO `my_role_menu` VALUES ('1', '80');
INSERT INTO `my_role_menu` VALUES ('1', '81');
INSERT INTO `my_role_menu` VALUES ('1', '82');
INSERT INTO `my_role_menu` VALUES ('1', '85');
INSERT INTO `my_role_menu` VALUES ('1', '86');
INSERT INTO `my_role_menu` VALUES ('1', '87');
INSERT INTO `my_role_menu` VALUES ('1', '88');
INSERT INTO `my_role_menu` VALUES ('1', '89');
INSERT INTO `my_role_menu` VALUES ('2', '3');
INSERT INTO `my_role_menu` VALUES ('2', '4');
INSERT INTO `my_role_menu` VALUES ('2', '5');
INSERT INTO `my_role_menu` VALUES ('2', '6');
INSERT INTO `my_role_menu` VALUES ('2', '14');
INSERT INTO `my_role_menu` VALUES ('2', '15');
INSERT INTO `my_role_menu` VALUES ('2', '16');
INSERT INTO `my_role_menu` VALUES ('2', '17');
INSERT INTO `my_role_menu` VALUES ('2', '18');
INSERT INTO `my_role_menu` VALUES ('2', '19');
INSERT INTO `my_role_menu` VALUES ('2', '20');
INSERT INTO `my_role_menu` VALUES ('2', '21');
INSERT INTO `my_role_menu` VALUES ('2', '22');
INSERT INTO `my_role_menu` VALUES ('2', '68');
INSERT INTO `my_role_menu` VALUES ('2', '69');
INSERT INTO `my_role_menu` VALUES ('2', '75');
INSERT INTO `my_role_menu` VALUES ('2', '76');
INSERT INTO `my_role_menu` VALUES ('2', '77');
INSERT INTO `my_role_menu` VALUES ('2', '78');
INSERT INTO `my_role_menu` VALUES ('2', '79');
INSERT INTO `my_role_menu` VALUES ('2', '80');
INSERT INTO `my_role_menu` VALUES ('2', '86');
INSERT INTO `my_role_menu` VALUES ('2', '87');
INSERT INTO `my_role_menu` VALUES ('2', '88');
INSERT INTO `my_role_menu` VALUES ('2', '89');

-- ----------------------------
-- Table structure for my_role_user
-- ----------------------------
DROP TABLE IF EXISTS `my_role_user`;
CREATE TABLE `my_role_user` (
  `user_id` int NOT NULL COMMENT '用户id',
  `role_id` int NOT NULL COMMENT '角色id',
  PRIMARY KEY (`user_id`) USING BTREE
) ENGINE=InnoDB DEFAULT CHARSET=utf8mb3 ROW_FORMAT=DYNAMIC;

-- ----------------------------
-- Records of my_role_user
-- ----------------------------
INSERT INTO `my_role_user` VALUES ('1', '1');
INSERT INTO `my_role_user` VALUES ('9', '2');

-- ----------------------------
-- Table structure for my_user
-- ----------------------------
DROP TABLE IF EXISTS `my_user`;
CREATE TABLE `my_user` (
  `user_id` int NOT NULL AUTO_INCREMENT COMMENT 'id值',
  `dept_id` int DEFAULT NULL COMMENT '部门id',
  `user_name` varchar(255) CHARACTER SET utf8mb3 COLLATE utf8mb3_general_ci NOT NULL COMMENT '用户名',
  `password` varchar(255) CHARACTER SET utf8mb3 COLLATE utf8mb3_general_ci NOT NULL COMMENT '密码',
  `nick_name` varchar(255) CHARACTER SET utf8mb3 COLLATE utf8mb3_general_ci NOT NULL COMMENT '用户昵称',
  `phone` varchar(11) CHARACTER SET utf8mb3 COLLATE utf8mb3_general_ci NOT NULL COMMENT '手机号',
  `email` varchar(50) CHARACTER SET utf8mb3 COLLATE utf8mb3_general_ci DEFAULT NULL COMMENT '邮箱',
  `status` tinyint(1) NOT NULL COMMENT '状态',
  `create_time` datetime NOT NULL COMMENT '创建时间',
  `update_time` datetime NOT NULL COMMENT '更新时间',
  PRIMARY KEY (`user_id`) USING BTREE
) ENGINE=InnoDB AUTO_INCREMENT=10 DEFAULT CHARSET=utf8mb3 ROW_FORMAT=DYNAMIC;

-- ----------------------------
-- Records of my_user
-- ----------------------------
INSERT INTO `my_user` VALUES ('1', '1', 'admin', '$2a$10$pAuzCLIe6Sl7kXfX6FEQ1uzM79V2njg.KtL9qawg9JkW7e1f417k2', '管理员', '13556336255', '1454564646@qq.com', '1', '2020-07-10 09:42:03', '2020-08-23 16:24:34');
INSERT INTO `my_user` VALUES ('9', '2', '001', '$2a$10$HR3Y7ai2/NFgfhMhNBwts.N0nyf/n7e3BT15Cew/eb0TZ4g1QyKIa', '网五月', '15991629438', '815835618@qq.com', '1', '2023-04-26 10:55:46', '2023-04-26 10:56:34');

-- ----------------------------
-- Table structure for my_user_job
-- ----------------------------
DROP TABLE IF EXISTS `my_user_job`;
CREATE TABLE `my_user_job` (
  `user_id` int NOT NULL COMMENT '岗位id',
  `job_id` int NOT NULL COMMENT '工作id',
  PRIMARY KEY (`user_id`,`job_id`) USING BTREE
) ENGINE=InnoDB DEFAULT CHARSET=utf8mb3 ROW_FORMAT=DYNAMIC;

-- ----------------------------
-- Records of my_user_job
-- ----------------------------
INSERT INTO `my_user_job` VALUES ('1', '1');
INSERT INTO `my_user_job` VALUES ('9', '2');
